-- MySQL Administrator dump 1.4
--
-- ------------------------------------------------------
-- Server version	5.0.18-nt


/*!40101 SET @OLD_CHARACTER_SET_CLIENT=@@CHARACTER_SET_CLIENT */;
/*!40101 SET @OLD_CHARACTER_SET_RESULTS=@@CHARACTER_SET_RESULTS */;
/*!40101 SET @OLD_COLLATION_CONNECTION=@@COLLATION_CONNECTION */;
/*!40101 SET NAMES utf8 */;

/*!40014 SET @OLD_UNIQUE_CHECKS=@@UNIQUE_CHECKS, UNIQUE_CHECKS=0 */;
/*!40014 SET @OLD_FOREIGN_KEY_CHECKS=@@FOREIGN_KEY_CHECKS, FOREIGN_KEY_CHECKS=0 */;
/*!40101 SET @OLD_SQL_MODE=@@SQL_MODE, SQL_MODE='NO_AUTO_VALUE_ON_ZERO' */;


--
-- Create schema premier_league
--

CREATE DATABASE IF NOT EXISTS premier_league;
USE premier_league;

--
-- Definition of table `dmatch`
--

DROP TABLE IF EXISTS `dmatch`;
CREATE TABLE `dmatch` (
  `match_id` int(7) NOT NULL,
  `minute` int(3) NOT NULL,
  `team_id` varchar(4) NOT NULL,
  `player_id` varchar(4) NOT NULL,
  `type` varchar(2) NOT NULL,
  `delete` tinyint(1) NOT NULL
) ENGINE=InnoDB DEFAULT CHARSET=utf8;

--
-- Dumping data for table `dmatch`
--

/*!40000 ALTER TABLE `dmatch` DISABLE KEYS */;
INSERT INTO `dmatch` (`match_id`,`minute`,`team_id`,`player_id`,`type`,`delete`) VALUES 
 (2015001,24,'B001','J130','CY',0),
 (2015001,42,'B001','S051','CY',0),
 (2015001,45,'A002','C039','CY',0),
 (2015001,72,'A002','R030','GO',0),
 (2015001,75,'A002','I003','CY',0),
 (2015001,80,'B001','D006','CY',0),
 (2015001,90,'A002','A068','CY',0),
 (2015002,19,'S004','J088','CY',0),
 (2015002,23,'C001','O011','GO',0),
 (2015002,29,'S004','A049','GO',0),
 (2015002,30,'S004','F005','GW',0),
 (2015002,45,'S004','J003','CY',0),
 (2015002,52,'C001','T003','CR',0),
 (2015002,54,'C001','J079','CY',0),
 (2015002,55,'S004','B003','GP',0),
 (2015002,90,'S004','A069','CY',0),
 (2015003,14,'W001','M069','GO',0),
 (2015003,42,'W001','T025','CY',0),
 (2015003,54,'E001','S019','CY',0),
 (2015003,66,'W001','J115','CY',0),
 (2015003,76,'E001','R028','GO',0),
 (2015003,83,'W001','O002','GO',0),
 (2015003,86,'E001','A065','GO',0),
 (2015004,11,'L001','J034','GO',0),
 (2015004,17,'S003','J006','CY',0),
 (2015004,18,'L001','R019','GO',0),
 (2015004,25,'L001','R019','GP',0),
 (2015004,42,'S003','B020','CY',0),
 (2015004,49,'L001','J034','CY',0),
 (2015004,60,'S003','J050','GO',0),
 (2015004,66,'L001','M008','CY',0),
 (2015004,71,'S003','S057','GO',0),
 (2015004,73,'S003','Y010','CY',0),
 (2015004,85,'S003','S021','CY',0),
 (2015004,90,'L001','J047','CY',0),
 (2015005,22,'T001','K035','GW',0),
 (2015005,27,'T001','J036','CY',0),
 (2015005,69,'M002','B007','CY',0),
 (2015005,76,'T001','E019','CY',0),
 (2015005,90,'M002','J135','CY',0),
 (2015005,90,'T001','D037','CY',0),
 (2015006,23,'N002','A038','CY',0),
 (2015006,39,'C002','W011','GO',0),
 (2015006,49,'C002','D003','GO',0),
 (2015006,69,'N002','N007','GO',0),
 (2015006,90,'C002','Y009','GO',0),
 (2015007,5,'W003','M026','CY',0),
 (2015007,8,'W003','A060','CY',0),
 (2015007,37,'W003','J029','CY',0),
 (2015007,43,'W003','C029','GO',0),
 (2015007,57,'W003','M056','GO',0),
 (2015007,69,'A001','N003','CY',0),
 (2015008,12,'S001','C017','CY',0),
 (2015008,24,'S001','G032','GO',0),
 (2015008,42,'N001','P005','GO',0),
 (2015008,48,'N001','G020','GO',0),
 (2015008,55,'N001','J002','CY',0),
 (2015008,60,'S001','J114','CY',0),
 (2015008,75,'N001','A026','CY',0),
 (2015008,79,'S001','S032','GO',0),
 (2015008,87,'S001','S056','CY',0),
 (2015008,90,'S001','G032','CY',0),
 (2015009,4,'S002','I002','CY',0),
 (2015009,28,'L002','M036','CY',0),
 (2015009,40,'L002','J027','CY',0),
 (2015009,51,'L002','D036','CY',0),
 (2015009,64,'L002','J061','CY',0),
 (2015009,73,'S002','C023','CY',0),
 (2015009,86,'L002','P023','GO',0),
 (2015010,9,'M001','D031','GO',0),
 (2015010,24,'M001','Y006','CY',0),
 (2015010,39,'W002','D021','CY',0),
 (2015010,51,'M001','F006','CY',0),
 (2015010,57,'W002','C056','CY',0),
 (2015010,58,'W002','J020','CY',0),
 (2015010,59,'M001','V007','GO',0),
 (2015010,62,'W002','C040','CY',0),
 (2015011,29,'M002','A017','GO',0),
 (2015011,71,'A002','J092','CY',0),
 (2015011,74,'M002','A047','CY',0),
 (2015011,84,'M002','M052','CY',0),
 (2015011,90,'A002','I003','CY',0),
 (2015012,6,'S001','M051','CY',0),
 (2015012,22,'E001','R027','GO',0),
 (2015012,38,'S001','G032','CY',0),
 (2015012,45,'E001','R027','GO',0),
 (2015012,45,'E001','R028','CY',0),
 (2015012,49,'S001','O010','CY',0),
 (2015012,75,'E001','J025','CY',0),
 (2015012,77,'S001','S056','CY',0),
 (2015012,84,'E001','R028','GO',0),
 (2015013,7,'N002','S024','CY',0),
 (2015013,9,'S003','J049','CY',0),
 (2015013,26,'N002','R033','GO',0),
 (2015013,38,'N002','S061','GO',0),
 (2015013,48,'N002','A038','CY',0),
 (2015013,58,'N002','N007','GO',0),
 (2015013,88,'S003','D054','GO',0),
 (2015014,9,'S004','B003','GO',0),
 (2015014,18,'N001','D024','CY',0),
 (2015014,41,'N001','D025','CR',0),
 (2015014,49,'S004','A049','CY',0),
 (2015014,52,'S004','A049','GO',0),
 (2015014,60,'S004','K034','CY',0),
 (2015014,84,'N001','A027','CY',0),
 (2015015,8,'S002','G029','CY',0),
 (2015015,19,'T001','E019','GO',0),
 (2015015,24,'T001','K035','CY',0),
 (2015015,45,'T001','N002','GO',0),
 (2015015,48,'T001','B009','CY',0),
 (2015015,74,'S002','M010','CY',0),
 (2015015,78,'S002','M029','GP',0),
 (2015015,83,'S002','M005','GO',0),
 (2015016,31,'W002','J083','CY',0),
 (2015016,66,'W002','R016','CY',0),
 (2015016,90,'W001','A044','CY',0),
 (2015017,11,'L001','J034','CY',0),
 (2015017,27,'L001','S038','GO',0),
 (2015017,38,'L001','R019','GO',0),
 (2015017,40,'W003','C014','CY',0),
 (2015017,54,'L001','S038','CY',0),
 (2015017,55,'W003','D045','GO',0),
 (2015017,88,'L001','Y008','CY',0),
 (2015017,90,'W003','A020','CR',0),
 (2015018,16,'A001','O008','GO',0),
 (2015018,28,'C002','J074','GO',0),
 (2015018,42,'A001','F013','CY',0),
 (2015018,45,'C002','J024','CY',0),
 (2015018,55,'C002','D003','GW',0),
 (2015019,31,'M001','S027','GO',0),
 (2015019,33,'M001','V007','CY',0),
 (2015019,45,'M001','F006','CY',0),
 (2015019,48,'C001','B031','CY',0),
 (2015019,51,'M001','Y006','CY',0),
 (2015019,79,'M001','V007','GO',0),
 (2015019,81,'C001','E003','CY',0),
 (2015019,85,'M001','F006','GO',0),
 (2015019,90,'M001','E006','CY',0),
 (2015020,26,'L002','C036','GO',0),
 (2015020,34,'B001','E024','CY',0),
 (2015020,75,'L002','J061','CY',0),
 (2015020,76,'B001','M050','CY',0),
 (2015020,77,'B001','L009','CY',0),
 (2015020,90,'B001','S051','CY',0),
 (2015021,18,'C002','J074','CY',0),
 (2015021,50,'C002','Y009','CY',0),
 (2015021,55,'A002','R030','CY',0),
 (2015021,71,'C002','S017','GO',0),
 (2015021,77,'C002','P004','GW',0),
 (2015021,84,'A002','C039','CY',0),
 (2015021,86,'A002','L004','CY',0),
 (2015021,87,'C002','B005','GO',0),
 (2015021,90,'C002','J040','CY',0),
 (2015022,29,'T001','M081','CY',0),
 (2015022,31,'T001','E020','CY',0),
 (2015022,60,'T001','E019','CY',0),
 (2015022,81,'T001','D037','GO',0),
 (2015022,82,'L001','R019','GO',0),
 (2015022,84,'T001','R042','CY',0),
 (2015022,90,'L001','A058','CY',0),
 (2015023,19,'M002','M052','CY',0),
 (2015023,20,'N001','M040','CY',0),
 (2015023,57,'N001','G002','CY',0),
 (2015023,70,'M002','L037','CY',0),
 (2015024,11,'S002','M005','GO',0),
 (2015024,28,'N002','R033','GO',0),
 (2015024,45,'N002','R033','CY',0),
 (2015024,47,'N002','S024','CY',0),
 (2015024,62,'N002','A038','CY',0),
 (2015024,82,'N002','S061','CY',0),
 (2015024,85,'S002','S061','CY',0),
 (2015025,18,'S003','J049','CY',0),
 (2015025,21,'S003','L006','CY',0),
 (2015025,45,'S004','B003','GO',0),
 (2015025,47,'S003','S021','CY',0),
 (2015025,54,'S004','A049','CY',0),
 (2015025,62,'S003','J050','GO',0),
 (2015025,82,'S003','P010','CY',0),
 (2015025,90,'S004','G035','CY',0),
 (2015026,11,'B001','C007','GO',0),
 (2015026,28,'B001','C007','GO',0),
 (2015026,48,'W003','M026','GP',0),
 (2015026,53,'W003','C029','GO',0),
 (2015026,66,'B001','M011','GO',0),
 (2015026,75,'B001','A066','CY',0),
 (2015026,79,'B001','C007','GP',0),
 (2015026,79,'W003','C014','CR',0),
 (2015026,82,'W003','M075','GO',0),
 (2015027,42,'M001','E006','CY',0),
 (2015027,45,'M001','F006','CY',0),
 (2015027,60,'M001','A026','GO',0),
 (2015027,86,'M001','S013','CY',0),
 (2015027,88,'M001','S013','GO',0),
 (2015028,28,'S001','V006','CY',0),
 (2015028,57,'S001','O010','CY',0),
 (2015029,14,'W002','J028','PM',0),
 (2015029,17,'C001','N012','CY',0),
 (2015029,20,'C001','P013','GO',0),
 (2015029,30,'C001','D042','GO',0),
 (2015029,36,'W002','J028','GO',0),
 (2015029,37,'W002','J026','CY',0),
 (2015029,43,'C001','C018','GO',0),
 (2015029,55,'C001','J079','CR',0),
 (2015029,59,'W002','J028','GO',0),
 (2015029,71,'W002','C003','CY',0),
 (2015030,61,'L002','M036','CY',0),
 (2015030,65,'A001','G003','CY',0),
 (2015030,66,'L002','E017','CY',0),
 (2015030,79,'L002','J061','CY',0),
 (2015030,85,'L002','S041','CY',0),
 (2015031,8,'S003','Y002','GO',0),
 (2015031,11,'A002','S018','GP',0),
 (2015031,37,'A002','C039','CY',0),
 (2015031,41,'A002','S018','GO',0),
 (2015031,52,'S003','J049','GO',0),
 (2015031,79,'A002','C015','CY',0),
 (2015031,90,'S003','C052','CY',0),
 (2015032,1,'B001','M057','CY',0),
 (2015032,13,'L001','R018','CY',0),
 (2015032,24,'B001','C007','GO',0),
 (2015032,36,'L001','A058','CY',0),
 (2015032,48,'L001','R023','CY',0),
 (2015032,75,'B001','E024','CY',0),
 (2015032,86,'L001','J034','GP',0),
 (2015032,90,'L001','J047','CY',0),
 (2015033,65,'C002','B005','GO',0),
 (2015033,71,'C001','G009','CY',0),
 (2015033,73,'C002','Y009','CY',0),
 (2015033,79,'C001','R001','GO',0),
 (2015033,81,'C002','J074','GO',0),
 (2015034,3,'W003','M007','GO',0),
 (2015034,29,'W003','M026','GO',0),
 (2015034,39,'W003','M026','CY',0),
 (2015034,45,'L002','P023','CY',0),
 (2015034,53,'L002','P023','CR',0),
 (2015034,70,'L002','L032','CY',0),
 (2015034,79,'W003','M026','CR',0),
 (2015034,81,'W003','M007','CY',0),
 (2015034,86,'L002','D016','CY',0),
 (2015034,90,'L002','N010','CY',0),
 (2015034,90,'W003','D041','GO',0),
 (2015035,40,'M001','V007','CY',0),
 (2015035,44,'W001','A044','CY',0),
 (2015035,47,'M001','R003','GO',0),
 (2015035,56,'M001','F006','GO',0),
 (2015035,63,'W001','S023','CY',0),
 (2015036,3,'N001','M082','CY',0),
 (2015036,16,'N001','A027','CR',0),
 (2015036,19,'N001','C020','CY',0),
 (2015036,26,'N001','F010','CY',0),
 (2015036,48,'N001','V011','CY',0),
 (2015036,49,'A001','S015','CY',0),
 (2015036,49,'N001','G020','CY',0),
 (2015036,52,'N001','F003','GW',0),
 (2015036,90,'N001','F003','CY',0),
 (2015037,25,'S002','I002','CR',0),
 (2015037,25,'W002','C056','CY',0),
 (2015037,31,'S002','C023','CR',0),
 (2015037,45,'W002','J117','GO',0),
 (2015037,66,'S002','E021','CY',0),
 (2015037,69,'W002','C057','CY',0),
 (2015037,84,'W002','G008','CY',0),
 (2015037,90,'W002','R016','CY',0),
 (2015038,38,'E001','G007','CY',0),
 (2015038,56,'T001','D037','CY',0),
 (2015038,59,'T001','N001','CY',0),
 (2015038,61,'T001','E019','CY',0),
 (2015038,90,'T001','N002','CY',0),
 (2015039,28,'N002','S061','CY',0),
 (2015039,31,'N002','S061','CR',0),
 (2015039,45,'S001','G032','GO',0),
 (2015039,65,'S001','D055','GO',0),
 (2015039,68,'S001','D055','GO',0),
 (2015040,38,'M002','M080','CY',0),
 (2015040,41,'M002','M060','CY',0),
 (2015040,43,'S004','W004','CY',0),
 (2015040,48,'M002','J135','GO',0),
 (2015040,61,'S004','A049','GO',0),
 (2015040,66,'S004','B003','GO',0),
 (2015040,80,'S004','J088','CY',0),
 (2015041,31,'A001','T002','GO',0),
 (2015041,38,'A001','M061','CY',0),
 (2015041,81,'S002','P025','CY',0),
 (2015041,85,'A001','O008','GO',0),
 (2015042,18,'C002','S017','CY',0),
 (2015042,26,'M001','Y006','CY',0),
 (2015042,69,'M001','S013','CY',0),
 (2015042,71,'C002','B032','CY',0),
 (2015042,81,'M001','E006','CY',0),
 (2015042,90,'M001','K006','GO',0),
 (2015043,17,'E001','S058','GO',0),
 (2015043,22,'E001','S058','GO',0),
 (2015043,36,'C001','N012','GO',0),
 (2015043,65,'E001','B033','CY',0),
 (2015043,83,'E001','S058','GO',0),
 (2015043,87,'E001','J078','CY',0),
 (2015043,88,'C001','C018','CY',0),
 (2015043,90,'C001','D042','CY',0),
 (2015044,48,'L002','N010','CY',0),
 (2015044,49,'M002','D001','GO',0),
 (2015044,70,'M002','A047','GP',0),
 (2015044,73,'M002','M052','CY',0),
 (2015044,75,'L002','J027','CY',0),
 (2015044,84,'L002','C036','GO',0),
 (2015044,86,'M002','M052','GO',0),
 (2015045,20,'N002','A038','CY',0),
 (2015045,24,'B001','S040','CY',0),
 (2015045,25,'B001','A013','CY',0),
 (2015045,30,'N002','W008','CY',0),
 (2015045,35,'N002','C013','GO',0),
 (2015045,52,'N002','W008','GO',0),
 (2015045,61,'B001','M050','CY',0),
 (2015045,67,'N002','M054','GO',0),
 (2015045,81,'B001','S051','GO',0),
 (2015046,59,'W001','O002','GO',0),
 (2015046,64,'W001','V002','CR',0),
 (2015046,67,'S004','K017','CY',0),
 (2015046,90,'W001','E023','CY',0),
 (2015047,79,'W002','C031','CY',0),
 (2015048,39,'A002','J005','GO',0),
 (2015048,45,'L001','M008','CY',0),
 (2015048,64,'A002','C015','GO',0),
 (2015048,72,'L001','R018','GO',0),
 (2015048,77,'L001','N006','CY',0),
 (2015048,81,'A002','J091','CY',0),
 (2015048,82,'L001','J034','GO',0),
 (2015048,89,'L001','N006','GO',0),
 (2015049,16,'T001','J036','CY',0),
 (2015049,21,'S003','F002','CY',0),
 (2015049,42,'S003','B020','CY',0),
 (2015049,82,'T001','R042','GO',0),
 (2015050,9,'W003','D045','GO',0),
 (2015050,30,'N001','J002','CY',0),
 (2015050,48,'W003','D045','GO',0),
 (2015050,57,'N001','J002','CY',0),
 (2015051,21,'W002','C031','CY',0),
 (2015051,34,'W002','J028','CY',0),
 (2015051,39,'W002','S002','GO',0),
 (2015051,62,'A002','C015','CY',0),
 (2015051,78,'W002','C040','CY',0),
 (2015051,82,'A002','J091','CY',0),
 (2015052,4,'B001','C007','GO',0),
 (2015052,9,'B001','M050','GO',0),
 (2015052,15,'S003','S021','CY',0),
 (2015052,23,'S003','B020','CY',0),
 (2015052,43,'S003','Y010','CY',0),
 (2015052,63,'S003','F002','CY',0),
 (2015052,74,'S003','Y010','CR',0),
 (2015052,80,'B001','D006','CY',0),
 (2015052,84,'S003','O004','CY',0),
 (2015052,90,'B001','G028','CY',0),
 (2015053,31,'A001','S015','CY',0),
 (2015053,45,'A001','G003','CY',0),
 (2015053,45,'A001','G003','CR',0),
 (2015053,45,'C001','D042','CY',0),
 (2015053,49,'C001','B031','CY',0),
 (2015053,53,'C001','K028','GO',0),
 (2015053,64,'C001','O011','CY',0),
 (2015053,72,'A001','C008','CY',0),
 (2015053,79,'A001','S015','CR',0),
 (2015053,90,'A001','C008','GW',0),
 (2015054,6,'W003','V005','GO',0),
 (2015054,22,'W003','M007','CY',0),
 (2015054,31,'W003','D041','GO',0),
 (2015054,45,'M001','K011','GO',0),
 (2015054,45,'W003','P015','CY',0),
 (2015054,54,'M001','A026','CY',0),
 (2015055,10,'W001','O002','GO',0),
 (2015055,28,'W001','O002','GO',0),
 (2015055,36,'W001','O002','CY',0),
 (2015055,62,'N001','D024','GO',0),
 (2015055,80,'W001','O002','CY',0),
 (2015055,89,'N001','D024','CY',0),
 (2015056,13,'S002','B023','GO',0),
 (2015056,20,'S002','B023','GO',0),
 (2015056,51,'L001','R019','GP',0),
 (2015056,59,'L001','R019','CY',0),
 (2015056,61,'L001','N013','CY',0),
 (2015056,69,'L001','J034','GO',0),
 (2015056,70,'S002','B023','CY',0),
 (2015056,78,'L001','D011','CY',0),
 (2015056,81,'L001','J047','CY',0),
 (2015057,45,'S004','J003','CY',0),
 (2015057,57,'E001','G007','CY',0),
 (2015057,75,'E001','T026','CY',0),
 (2015057,80,'S004','A049','CY',0),
 (2015057,90,'E001','K013','CR',0),
 (2015058,3,'L002','J027','CY',0),
 (2015058,48,'L002','D016','GO',0),
 (2015058,53,'N002','A038','CY',0),
 (2015058,61,'N002','R033','GO',0),
 (2015058,78,'N002','G031','CY',0),
 (2015059,13,'S001','G032','GO',0),
 (2015059,34,'M002','A062','GO',0),
 (2015059,50,'M002','A062','GO',0),
 (2015059,68,'M002','J135','GO',0),
 (2015059,73,'S001','V008','CY',0),
 (2015059,78,'S001','J114','CY',0),
 (2015059,86,'S001','G032','GO',0),
 (2015060,45,'C002','M033','CY',0),
 (2015060,62,'C002','Y003','CY',0),
 (2015060,68,'T001','S043','GO',0),
 (2015060,76,'T001','E020','CY',0),
 (2015061,13,'L001','J034','GO',0),
 (2015061,18,'A001','T002','GO',0),
 (2015061,33,'A001','A041','GO',0),
 (2015061,58,'A001','A041','GO',0),
 (2015061,68,'A001','M071','CY',0),
 (2015061,72,'L001','D011','CY',0),
 (2015061,81,'A001','A041','GO',0),
 (2015061,89,'L001','J034','GO',0),
 (2015061,90,'A001','O008','GO',0),
 (2015062,2,'L002','J027','GO',0),
 (2015062,59,'L002','D014','GO',0),
 (2015062,66,'A002','R030','GO',0),
 (2015062,67,'L002','D014','GO',0),
 (2015062,71,'A002','R030','GO',0),
 (2015063,38,'S003','A008','CY',0),
 (2015063,45,'M002','M060','Go',0),
 (2015063,46,'M002','W003','GO',0),
 (2015063,50,'S003','B020','CY',0),
 (2015063,85,'S003','L006','CY',0),
 (2015063,90,'M002','J135','GO',0),
 (2015064,34,'N001','J002','CY',0),
 (2015064,42,'N001','A073','GO',0),
 (2015064,60,'N001','G020','GO',0),
 (2015064,68,'C001','B031','CY',0),
 (2015064,79,'C001','R004','GO',0),
 (2015064,86,'C001','W016','GO',0),
 (2015064,90,'C001','P013','CY',0),
 (2015065,11,'S001','V008','GO',0),
 (2015065,43,'S001','V006','CY',0),
 (2015065,54,'S004','K017','GW',0),
 (2015065,61,'S001','S001','GO',0),
 (2015065,77,'S004','J088','CY',0),
 (2015065,82,'S001','O010','CY',0),
 (2015065,83,'S001','J114','CY',0),
 (2015065,83,'S004','G035','GP',0),
 (2015066,33,'S002','J086','GO',0),
 (2015066,76,'B001','D006','GO',0),
 (2015066,84,'S002','M005','GO',0),
 (2015066,90,'S002','G029','CY',0),
 (2015067,25,'M001','K011','GO',0),
 (2015067,45,'T001','E019','GO',0),
 (2015067,46,'M001','M032','CY',0),
 (2015067,50,'T001','T009','GO',0),
 (2015067,56,'T001','E020','CY',0),
 (2015067,59,'T001','E019','CY',0),
 (2015067,61,'T001','H007','GO',0),
 (2015067,65,'T001','C037','CY',0),
 (2015067,79,'T001','E020','GO',0),
 (2015067,88,'T001','D037','CY',0),
 (2015067,90,'T001','H007','CY',0),
 (2015068,9,'N002','R021','GO',0),
 (2015068,33,'W003','D041','GO',0),
 (2015068,83,'N002','N007','GO',0),
 (2015068,90,'W003','C029','GO',0),
 (2015069,39,'W001','A045','CY',0),
 (2015069,70,'W001','J116','CY',0),
 (2015069,71,'C002','Y009','GP',0),
 (2015069,76,'C002','Y009','CY',0),
 (2015069,80,'W001','S023','CY',0),
 (2015069,81,'C002','J040','CY',0),
 (2015069,82,'W001','C054','CY',0),
 (2015069,88,'C002','W011','CY',0),
 (2015069,90,'C002','W002','CY',0),
 (2015070,41,'W002','S002','GO',0),
 (2015070,54,'W002','C055','GO',0),
 (2015070,55,'E001','R027','GO',0),
 (2015070,64,'E001','S058','CY',0),
 (2015070,70,'E001','J025','CY',0),
 (2015070,75,'E001','A065','GO',0),
 (2015070,76,'E001','A065','CY',0),
 (2015070,84,'E001','R027','GO',0),
 (2015071,44,'A002','A068','CY',0),
 (2015071,55,'S002','M029','GO',0),
 (2015072,28,'B001','G028','GO',0),
 (2015072,43,'B001','G028','CY',0),
 (2015072,45,'W001','O002','GO',0),
 (2015072,84,'W001','H015','CY',0),
 (2015072,85,'B001','G028','PM',0),
 (2015073,9,'S001','O010','CY',0),
 (2015073,10,'C001','W016','GO',0),
 (2015073,26,'S001','R036','CY',0),
 (2015073,34,'S001','R036','CY',0),
 (2015073,43,'C001','R004','CY',0),
 (2015073,44,'S001','S056','GO',0),
 (2015073,57,'C001','R001','CY',0),
 (2015073,60,'S001','S001','GO',0),
 (2015073,73,'S001','G032','GO',0),
 (2015073,78,'S001','J030','CY',0),
 (2015073,86,'S001','G032','CY',0),
 (2015074,16,'W002','J026','CY',0),
 (2015074,25,'C002','P004','CY',0),
 (2015074,61,'W002','J026','CY',0),
 (2015074,68,'C002','Y003','GO',0),
 (2015074,79,'C002','F012','CY',0),
 (2015074,87,'C002','W011','CY',0),
 (2015074,87,'W002','C040','CY',0),
 (2015074,89,'C002','Y009','GP',0),
 (2015075,18,'N001','A027','GO',0),
 (2015075,36,'N001','A027','CY',0),
 (2015075,42,'M001','S027','GO',0),
 (2015075,45,'M001','F006','CY',0),
 (2015075,49,'M001','S027','GO',0),
 (2015075,51,'M001','S027','GO',0),
 (2015075,54,'M001','K011','GO',0),
 (2015075,60,'M001','S027','GO',0),
 (2015075,62,'M001','S027','GO',0),
 (2015075,82,'M001','P002','CY',0),
 (2015075,88,'M001','E006','CY',0),
 (2015076,28,'L001','J034','GP',0),
 (2015076,48,'L001','J047','GO',0),
 (2015076,65,'L001','R023','CY',0),
 (2015076,69,'N002','D044','GO',0),
 (2015077,2,'W003','M026','CY',0),
 (2015077,10,'S003','S057','GO',0),
 (2015077,22,'S003','J049','GO',0),
 (2015077,24,'W003','W017','CY',0),
 (2015077,32,'S003','J049','CY',0),
 (2015077,35,'W003','A001','CY',0),
 (2015077,43,'W003','L006','CY',0),
 (2015077,45,'W003','C014','GO',0),
 (2015077,57,'S003','J049','CR',0),
 (2015077,60,'W003','D045','GO',0),
 (2015077,72,'W003','C014','CY',0),
 (2015077,74,'S003','S021','CY',0),
 (2015078,6,'A001','A041','GO',0),
 (2015078,7,'A001','M061','GO',0),
 (2015078,19,'A001','A041','GO',0),
 (2015078,22,'M002','A070','CY',0),
 (2015078,30,'M002','M052','CY',0),
 (2015078,51,'A001','F013','CY',0),
 (2015078,55,'M002','W003','CY',0),
 (2015079,35,'E001','R028','CY',0),
 (2015079,35,'L002','E017','CY',0),
 (2015079,42,'L002','D016','GO',0),
 (2015079,45,'E001','R027','GO',0),
 (2015079,65,'E001','J025','CY',0),
 (2015079,69,'L002','L032','CY',0),
 (2015079,69,'L002','M004','CY',0),
 (2015079,90,'E001','R027','CY',0),
 (2015080,16,'S004','A049','GO',0),
 (2015080,26,'S004','F005','CY',0),
 (2015080,27,'T001','C037','GO',0),
 (2015080,31,'T001','H007','GW',0),
 (2015080,53,'T001','B009','CY',0),
 (2015080,65,'T001','C037','GO',0),
 (2015080,79,'T001','E019','CY',0),
 (2015080,83,'T001','J036','CY',0),
 (2015080,90,'T001','K035','CY',0),
 (2015081,34,'C001','D042','GO',0),
 (2015081,49,'A002','J092','CY',0),
 (2015081,54,'A002','A022','GW',0),
 (2015081,62,'A002','K020','CY',0),
 (2015081,74,'C001','W016','CY',0),
 (2015081,86,'A002','J005','CY',0),
 (2015082,21,'W003','J029','CY',0),
 (2015082,22,'W003','C014','GO',0),
 (2015082,25,'C002','Y009','GP',0),
 (2015082,32,'C002','D056','CY',0),
 (2015082,40,'W003','D045','CY',0),
 (2015082,44,'C002','D056','CR',0),
 (2015082,69,'C002','M073','CY',0),
 (2015082,88,'W003','M007','GO',0),
 (2015082,90,'W003','D045','GO',0),
 (2015082,90,'W003','N017','CY',0),
 (2015083,18,'M002','M080','GO',0),
 (2015083,22,'E001','S019','CY',0),
 (2015083,22,'M002','A047','GO',0),
 (2015083,50,'M002','B007','CY',0),
 (2015083,52,'M002','M017','CY',0),
 (2015083,62,'M002','W003','GO',0),
 (2015083,70,'E001','R027','CY',0),
 (2015084,7,'M001','R003','GO',0),
 (2015084,11,'M001','W010','GO',0),
 (2015084,22,'B001','G028','GO',0),
 (2015084,27,'M001','B002','CY',0),
 (2015084,29,'M001','R003','GO',0),
 (2015084,42,'M001','N016','CY',0),
 (2015084,45,'M001','R003','GO',0),
 (2015084,87,'B001','G028','CY',0),
 (2015084,89,'M001','W010','GO',0),
 (2015085,21,'S001','J114','GO',0),
 (2015085,23,'S001','V006','CY',0),
 (2015085,38,'S001','V008','GO',0),
 (2015085,67,'L001','J034','GO',0),
 (2015085,77,'S001','R036','CY',0),
 (2015085,90,'L001','J034','GO',0),
 (2015086,36,'L002','J027','CY',0),
 (2015086,59,'T001','E020','CY',0),
 (2015086,90,'L002','L032','CY',0),
 (2015087,47,'W001','A044','CY',0),
 (2015087,59,'A001','P016','CY',0),
 (2015087,62,'A001','A041','GO',0),
 (2015087,63,'W001','H015','CY',0),
 (2015087,68,'A001','O008','GO',0),
 (2015087,74,'A001','A005','GO',0),
 (2015088,9,'W002','C055','CY',0),
 (2015088,54,'W002','S002','GO',0),
 (2015088,55,'S003','C052','CY',0),
 (2015088,56,'W002','C040','CY',0),
 (2015088,84,'S003','F002','CY',0),
 (2015089,6,'N001','C028','CY',0),
 (2015089,14,'N001','G020','GO',0),
 (2015089,20,'N002','D044','GO',0),
 (2015089,26,'N001','G020','GO',0),
 (2015089,33,'N001','A073','GO',0),
 (2015089,34,'N002','N007','GO',0),
 (2015089,64,'N001','A027','GO',0),
 (2015089,66,'N001','G020','GO',0),
 (2015089,66,'N002','G031','CY',0),
 (2015089,85,'N001','G020','GO',0),
 (2015090,4,'S002','B023','GP',0),
 (2015090,41,'S004','A069','CY',0),
 (2015090,45,'S002','E021','CY',0),
 (2015090,57,'S004','J088','CY',0),
 (2015090,66,'S002','X001','CY',0),
 (2015091,25,'A001','F013','CY',0),
 (2015091,36,'A001','O008','GO',0),
 (2015091,38,'A001','L002','GO',0),
 (2015091,44,'E001','R028','GO',0),
 (2015091,67,'E001','G007','CY',0),
 (2015091,70,'A001','O008','CY',0),
 (2015091,90,'E001','G007','CR',0),
 (2015092,29,'S004','K034','CY',0),
 (2015092,31,'A002','M062','CY',0),
 (2015092,31,'S004','A069','CY',0),
 (2015092,62,'A002','J092','GO',0),
 (2015092,68,'S004','G035','GO',0),
 (2015092,73,'S004','G035','CY',0),
 (2015092,77,'A002','K020','CY',0),
 (2015092,87,'S004','A049','GO',0),
 (2015093,60,'L001','J034','GO',0),
 (2015093,65,'L001','D018','CY',0),
 (2015093,68,'L001','J047','CY',0),
 (2015093,87,'C002','W011','CY',0),
 (2015093,90,'L001','J034','CY',0),
 (2015094,22,'N002','J084','CY',0),
 (2015094,47,'W002','J117','GO',0),
 (2015094,72,'W002','C031','CY',0),
 (2015094,78,'W002','J026','CY',0),
 (2015095,43,'W001','T025','GO',0),
 (2015095,69,'W001','A045','GO',0),
 (2015095,77,'S002','G029','CY',0),
 (2015095,89,'S002','E021','CY',0),
 (2015095,89,'W001','O002','CY',0),
 (2015095,90,'S002','C023','CY',0),
 (2015096,17,'W003','M056','GO',0),
 (2015096,24,'C001','C018','CY',0),
 (2015096,35,'C001','N012','CY',0),
 (2015096,45,'C001','C019','CY',0),
 (2015096,45,'C001','D042','CY',0),
 (2015096,45,'C001','N012','CR',0),
 (2015096,56,'C001','G009','GO',0),
 (2015096,74,'W003','C029','CY',0),
 (2015096,79,'W003','A057','GO',0),
 (2015096,82,'C001','W016','CY',0),
 (2015096,90,'C001','M072','CY',0),
 (2015097,1,'B001','M050','GO',0),
 (2015097,9,'T001','H007','GP',0),
 (2015097,17,'T001','M081','GO',0),
 (2015097,30,'T001','E020','GO',0),
 (2015097,32,'T001','D017','CY',0),
 (2015097,56,'T001','H007','GO',0),
 (2015097,64,'T001','H007','GO',0),
 (2015098,77,'L002','C036','GO',0),
 (2015098,86,'L002','J027','CY',0),
 (2015098,87,'S001','S001','GO',0),
 (2015098,90,'S001','S001','CY',0),
 (2015098,90,'S001','S001','CR',0),
 (2015099,15,'M001','F006','CY',0),
 (2015099,39,'M002','J135','CY',0),
 (2015099,45,'M001','V007','CY',0),
 (2015099,89,'M002','M080','CY',0),
 (2015100,14,'N001','C028','CY',0),
 (2015100,45,'N001','F003','CR',0),
 (2015100,45,'N001','J002','CY',0),
 (2015100,45,'S003','A008','GP',0),
 (2015100,65,'S003','B020','GO',0),
 (2015100,86,'S003','S057','GO',0),
 (2015101,4,'C001','R004','GO',0),
 (2015101,24,'L002','P023','CY',0),
 (2015101,45,'L002','P023','GO',0),
 (2015101,58,'L002','L032','CY',0),
 (2015101,65,'L002','L032','CY',0),
 (2015101,66,'C001','M072','CY',0),
 (2015101,74,'L002','P023','GO',0),
 (2015101,83,'L002','C036','GO',0),
 (2015101,86,'L002','C036','CY',0),
 (2015102,18,'C002','Y009','CY',0),
 (2015102,26,'C002','M033','CY',0),
 (2015102,47,'M002','C033','CY',0),
 (2015102,53,'M002','M052','CY',0),
 (2015102,80,'C002','D056','CY',0),
 (2015102,90,'M002','M017','CY',0),
 (2015103,34,'M001','K011','CY',0),
 (2015103,67,'M001','N016','GO',0),
 (2015103,77,'N002','C013','CY',0),
 (2015103,84,'N002','C013','GO',0),
 (2015103,89,'M001','Y006','GP',0),
 (2015103,89,'N002','R033','CR',0),
 (2015103,90,'M001','A026','PM',0),
 (2015103,90,'M001','F007','CY',0),
 (2015103,90,'N002','A038','CY',0),
 (2015104,63,'N001','A027','CY',0),
 (2015104,63,'S002','P022','CY',0),
 (2015104,82,'S002','M029','CY',0),
 (2015104,90,'S002','C023','CY',0),
 (2015105,49,'A001','O008','GO',0),
 (2015105,57,'S004','K017','CY',0),
 (2015105,68,'A001','L002','GO',0),
 (2015105,73,'A001','J070','GO',0),
 (2015105,89,'S004','A069','CY',0),
 (2015106,39,'W001','O002','GO',0),
 (2015106,48,'W001','O002','GO',0),
 (2015106,66,'W001','A044','CY',0),
 (2015106,81,'W001','N004','CY',0),
 (2015106,84,'W003','J021','CR',0),
 (2015106,85,'W001','E023','CY',0),
 (2015107,30,'W002','J117','GO',0),
 (2015107,57,'L001','R019','GO',0),
 (2015107,64,'L001','R019','GO',0),
 (2015107,77,'L001','J034','GO',0),
 (2015107,84,'W002','R016','GP',0),
 (2015107,89,'L001','R023','CY',0),
 (2015107,90,'L001','K002','CY',0),
 (2015108,18,'S003','J050','CY',0),
 (2015108,19,'E001','G021','GO',0),
 (2015108,31,'E001','A065','GO',0),
 (2015108,45,'S003','J050','GO',0),
 (2015108,50,'S003','S057','GO',0),
 (2015108,53,'E001','J078','CY',0),
 (2015108,54,'E001','G021','CY',0),
 (2015108,54,'S003','S057','CY',0),
 (2015108,55,'S003','S021','GW',0),
 (2015108,60,'E001','R027','GO',0),
 (2015108,62,'E001','A065','GO',0),
 (2015108,76,'E001','A065','GO',0),
 (2015108,90,'E001','B033','CY',0),
 (2015109,21,'S001','V006','CY',0),
 (2015109,31,'S001','S056','GO',0),
 (2015109,36,'S001','G032','GO',0),
 (2015109,57,'B001','S040','CY',0),
 (2015109,64,'B001','D006','CY',0),
 (2015109,78,'S001','V006','CR',0),
 (2015110,3,'T001','M081','GO',0),
 (2015110,42,'A002','J092','CY',0),
 (2015110,45,'T001','D037','GO',0),
 (2015110,67,'A002','K020','CY',0),
 (2015110,79,'A002','J092','GO',0),
 (2015110,90,'A002','A022','CY',0),
 (2015110,90,'T001','H007','GO',0),
 (2015111,27,'N001','A073','GO',0),
 (2015111,44,'N001','D024','CY',0),
 (2015111,69,'B001','H004','CY',0),
 (2015111,83,'B001','A013','CY',0),
 (2015111,88,'N001','C028','CY',0),
 (2015112,53,'L001','N013','GO',0),
 (2015112,65,'L001','J034','GP',0),
 (2015112,65,'W001','H015','CY',0),
 (2015112,76,'W001','T025','GP',0),
 (2015113,43,'W002','C055','CY',0),
 (2015113,52,'M002','J052','GO',0),
 (2015113,60,'W002','J117','CY',0),
 (2015113,61,'M002','M017','CY',0),
 (2015113,65,'W002','C031','CY',0),
 (2015113,90,'M002','J135','GP',0),
 (2015113,90,'W002','G008','CR',0),
 (2015114,70,'N002','J084','GO',0),
 (2015114,90,'N002','G012','CY',0),
 (2015115,44,'S002','G029','CY',0),
 (2015115,45,'C001','B001','CY',0),
 (2015115,53,'S002','M029','GO',0),
 (2015115,57,'S002','R045','CY',0),
 (2015115,90,'S002','G026','CY',0),
 (2015116,12,'S001','S001','CY',0),
 (2015116,44,'S003','A008','CY',0),
 (2015116,69,'S003','D055','GW',0),
 (2015116,75,'S001','R036','CY',0),
 (2015116,90,'S001','G032','CY',0),
 (2015117,30,'W003','M007','GO',0),
 (2015117,34,'E001','J025','CY',0),
 (2015117,43,'E001','R027','GO',0),
 (2015117,59,'E001','R005','CY',0),
 (2015117,90,'W003','M056','CY',0),
 (2015118,32,'A001','H007','GO',0),
 (2015118,55,'T001','E020','CY',0),
 (2015118,77,'T001','K019','GO',0),
 (2015119,39,'M001','N016','CY',0),
 (2015119,90,'A002','B025','CY',0),
 (2015120,21,'C002','Y003','GO',0),
 (2015120,42,'L002','P023','GO',0),
 (2015120,57,'C002','J040','CY',0),
 (2015120,67,'C002','P004','CY',0),
 (2015120,76,'L002','N010','CY',0),
 (2015120,82,'C002','S017','GO',0),
 (2015121,31,'N002','Y011','CY',0),
 (2015121,35,'C001','W016','CY',0),
 (2015121,47,'N002','G012','CY',0),
 (2015121,62,'N002','S024','CY',0),
 (2015121,64,'C001','D042','GO',0),
 (2015121,69,'N002','M034','CY',0),
 (2015122,17,'E001','R028','GO',0),
 (2015122,29,'E001','R027','GO',0),
 (2015122,43,'E001','R028','GO',0),
 (2015122,59,'E001','R027','GO',0),
 (2015123,8,'M001','E006','GW',0),
 (2015123,23,'L002','P023','GO',0),
 (2015123,32,'L002','R024','GO',0),
 (2015123,38,'L002','L032','CY',0),
 (2015123,44,'M001','S027','GO',0),
 (2015123,47,'L002','E017','CY',0),
 (2015123,81,'L002','M036','GO',0),
 (2015123,85,'L002','N010','CY',0),
 (2015124,31,'L001','R023','CY',0),
 (2015124,36,'N001','V011','CY',0),
 (2015124,45,'L001','J034','GO',0),
 (2015124,48,'N001','P011','CY',0),
 (2015124,62,'L001','L013','GO',0),
 (2015124,76,'N001','A073','CY',0),
 (2015124,79,'N001','M082','CY',0),
 (2015124,83,'L001','S038','GO',0),
 (2015125,10,'S002','B023','GO',0),
 (2015125,78,'S001','J030','CY',0),
 (2015125,90,'S001','G032','CY',0),
 (2015126,10,'B001','J130','GO',0),
 (2015126,26,'B001','D006','GO',0),
 (2015126,28,'S004','A049','GO',0),
 (2015126,30,'B001','M050','CY',0),
 (2015126,39,'S004','J088','GP',0),
 (2015126,51,'B001','J139','CY',0),
 (2015126,72,'S004','J139','CY',0),
 (2015126,87,'S004','G035','CY',0),
 (2015126,88,'S004','J088','CY',0),
 (2015127,11,'M002','M060','GO',0),
 (2015127,68,'W001','B013','CY',0),
 (2015127,74,'M002','A070','CY',0),
 (2015127,75,'M002','J052','CY',0),
 (2015127,87,'W001','T025','GP',0),
 (2015127,90,'W001','T025','GW',0),
 (2015128,28,'A001','O008','GO',0),
 (2015128,32,'A001','H012','CY',0),
 (2015128,35,'W002','J028','GO',0),
 (2015128,40,'A001','M071','GW',0),
 (2015128,42,'A001','O008','CY',0),
 (2015128,43,'W002','J028','CY',0),
 (2015128,83,'W002','C031','CY',0),
 (2015128,84,'A001','S015','PM',0),
 (2015128,90,'W002','B021','CY',0),
 (2015129,23,'T001','H007','GO',0),
 (2015129,33,'T001','H007','GO',0),
 (2015129,50,'T001','H007','GO',0),
 (2015129,67,'T001','D037','CY',0),
 (2015129,67,'W003','M026','CY',0),
 (2015129,75,'T001','K035','CY',0),
 (2015129,75,'W003','D041','CY',0),
 (2015129,83,'T001','K035','GO',0),
 (2015129,87,'W003','M007','GO',0),
 (2015130,53,'S003','B020','CY',0),
 (2015130,57,'S003','J050','CY',0),
 (2015130,66,'C002','S017','CY',0),
 (2015130,67,'S003','Y002','CY',0),
 (2015130,80,'S003','J050','GO',0),
 (2015131,17,'W001','O002','GO',0),
 (2015131,40,'W001','B013','CY',0),
 (2015131,41,'A002','M062','GO',0),
 (2015131,69,'A002','A022','GW',0),
 (2015131,74,'W001','E023','CY',0),
 (2015131,85,'W001','T025','GO',0),
 (2015131,86,'W001','T025','CY',0),
 (2015131,88,'A002','C039','CY',0),
 (2015131,89,'A002','J092','GO',0),
 (2015131,90,'A002','C016','CY',0),
 (2015131,90,'W001','N004','CY',0),
 (2015132,25,'E001','R005','GO',0),
 (2015132,35,'E001','R027','GO',0),
 (2015132,80,'B001','A013','GO',0),
 (2015132,82,'B001','D006','CY',0),
 (2015132,87,'B001','J139','GO',0),
 (2015132,90,'B001','C025','CY',0),
 (2015132,90,'B001','J139','GO',0),
 (2015132,90,'E001','R028','GO',0),
 (2015133,10,'N001','P005','GO',0),
 (2015133,14,'C002','J024','GO',0),
 (2015133,17,'C002','Y003','GO',0),
 (2015133,38,'C002','W011','CY',0),
 (2015133,41,'C002','W011','GO',0),
 (2015133,47,'C002','Y003','GO',0),
 (2015133,81,'N001','C020','CY',0),
 (2015133,90,'C002','J024','GO',0),
 (2015134,14,'M002','A070','CY',0),
 (2015134,24,'L001','J034','GO',0),
 (2015134,45,'M002','B007','GO',0),
 (2015135,9,'M001','K011','GO',0),
 (2015135,21,'M001','F001','GO',0),
 (2015135,50,'S001','S032','GO',0),
 (2015135,56,'S001','J030','CY',0),
 (2015135,57,'M001','M032','CY',0),
 (2015135,70,'M001','A026','GO',0),
 (2015135,90,'M001','A026','CY',0),
 (2015136,33,'S002','C023','CY',0),
 (2015136,42,'S002','R045','CY',0),
 (2015136,47,'S002','R045','CR',0),
 (2015136,81,'S002','E021','CY',0),
 (2015136,82,'S003','P010','GO',0),
 (2015136,84,'S003','D054','GO',0),
 (2015137,25,'L002','J027','CY',0),
 (2015137,62,'L002','J027','GP',0),
 (2015137,65,'L002','M036','CY',0),
 (2015137,70,'S004','K029','CY',0),
 (2015137,90,'L002','S041','CY',0),
 (2015138,30,'A001','M061','GO',0),
 (2015138,43,'N002','L015','GO',0),
 (2015138,54,'A001','S015','CY',0),
 (2015138,57,'N002','G012','CY',0),
 (2015139,32,'T001','D017','CY',0),
 (2015139,40,'T001','H007','CY',0),
 (2015139,45,'T001','K035','CY',0),
 (2015139,53,'T001','J036','CY',0),
 (2015139,59,'C001','N012','CY',0),
 (2015139,90,'C001','C018','CY',0),
 (2015140,17,'W002','J083','CY',0),
 (2015140,17,'W003','M056','GO',0),
 (2015140,50,'W003','W017','GW',0),
 (2015140,82,'W002','C040','CY',0),
 (2015141,33,'A001','J070','GO',0),
 (2015141,44,'A001','L002','CY',0),
 (2015141,45,'A001','O008','GW',0),
 (2015141,63,'A001','O008','GO',0),
 (2015141,80,'S003','D033','CY',0),
 (2015141,90,'A001','A005','GO',0),
 (2015142,21,'C001','P013','CY',0),
 (2015142,23,'B001','A055','CY',0),
 (2015142,63,'C001','D042','CY',0),
 (2015142,82,'B001','G028','GO',0),
 (2015143,85,'M002','M063','CY',0),
 (2015144,30,'S001','J030','CY',0),
 (2015144,44,'A002','J081','GO',0),
 (2015144,73,'S001','O010','GO',0),
 (2015144,89,'A002','A022','CY',0),
 (2015144,90,'A002','B025','CY',0),
 (2015145,7,'S002','M029','GO',0),
 (2015145,15,'S002','M029','GO',0),
 (2015145,51,'M001','N016','CY',0),
 (2015146,5,'L001','R019','GO',0),
 (2015146,22,'L001','R019','GO',0),
 (2015146,24,'L001','N013','CY',0),
 (2015146,48,'S004','N013','CY',0),
 (2015146,68,'L001','R019','GO',0),
 (2015146,70,'L001','D018','CY',0),
 (2015146,74,'S004','K017','CY',0),
 (2015146,90,'L001','M008','CY',0),
 (2015147,29,'N002','A038','CY',0),
 (2015147,30,'W001','T025','GP',0),
 (2015147,57,'W001','T025','CY',0),
 (2015147,60,'W001','B013','CY',0),
 (2015147,77,'N002','B013','CY',0),
 (2015147,87,'N002','R021','CY',0),
 (2015147,90,'W001','O002','GO',0),
 (2015147,90,'W001','O002','CY',0),
 (2015148,15,'T001','D037','GO',0),
 (2015148,39,'W002','J026','GO',0),
 (2015148,57,'W002','J028','CY',0),
 (2015148,73,'W002','C056','CY',0),
 (2015148,75,'T001','H007','CY',0),
 (2015148,81,'T001','M081','CY',0),
 (2015148,83,'W002','J026','CY',0),
 (2015149,34,'N001','J002','CY',0),
 (2015149,45,'L002','L032','CY',0),
 (2015149,60,'N001','V011','CY',0),
 (2015149,63,'N001','P005','CY',0),
 (2015149,69,'L002','M036','GW',0),
 (2015149,90,'N001','G020','GO',0),
 (2015150,54,'C002','C047','CY',0),
 (2015150,76,'C002','S017','GO',0),
 (2015150,81,'E001','R027','GO',0),
 (2015150,87,'C002','J024','CY',0),
 (2015150,88,'E001','R005','CY',0),
 (2015151,2,'B001','J139','GO',0),
 (2015151,24,'M002','M031','GO',0),
 (2015151,41,'M002','A053','CY',0),
 (2015151,54,'B001','J130','GO',0),
 (2015151,85,'B001','H004','CY',0),
 (2015151,90,'B001','A066','CY',0),
 (2015152,38,'C002','Y009','GO',0),
 (2015153,26,'M001','W010','GO',0),
 (2015153,43,'S004','N011','CY',0),
 (2015153,58,'M001','W010','CY',0),
 (2015153,60,'M001','B002','CY',0),
 (2015153,77,'M001','E006','CY',0),
 (2015153,90,'M001','K006','GO',0),
 (2015153,90,'S004','B003','GO',0),
 (2015154,15,'E001','R027','GO',0),
 (2015154,47,'N002','W008','GO',0),
 (2015154,90,'N002','R033','CY',0),
 (2015155,4,'W001','O002','GO',0),
 (2015155,60,'S003','J006','CY',0),
 (2015156,37,'S002','E021','CY',0),
 (2015156,63,'S002','I002','CY',0),
 (2015156,67,'W003','C029','CY',0),
 (2015157,8,'A001','O008','GP',0),
 (2015157,38,'A001','A005','GO',0),
 (2015158,21,'L002','J094','GO',0),
 (2015158,30,'W002','C055','GO',0),
 (2015158,73,'W002','J083','GO',0),
 (2015158,90,'L002','D047','GO',0),
 (2015159,30,'N001','J002','CY',0),
 (2015159,39,'T001','E019','GO',0),
 (2015159,68,'T001','T013','CY',0),
 (2015159,73,'T001','D017','CY',0),
 (2015159,74,'N001','A027','GO',0),
 (2015159,80,'N001','A073','CY',0),
 (2015159,90,'N001','A073','GO',0),
 (2015160,34,'L001','J034','GO',0),
 (2015160,46,'L001','J034','CY',0),
 (2015160,48,'L001','R019','GO',0),
 (2015160,51,'L001','R023','CY',0),
 (2015160,77,'C001','L029','GO',0),
 (2015161,5,'C001','B031','GO',0),
 (2015161,13,'C001','P013','GO',0),
 (2015161,48,'S003','C052','CY',0),
 (2015161,50,'C001','O011','GP',0),
 (2015161,53,'S003','F002','GO',0),
 (2015161,62,'S003','J006','CY',0),
 (2015161,88,'C001','N012','CY',0),
 (2015161,89,'S003','J076','CY',0),
 (2015162,27,'L001','R019','GP',0),
 (2015162,32,'E001','R027','GO',0),
 (2015162,61,'E001','R005','CY',0),
 (2015162,64,'E001','T006','CY',0),
 (2015162,65,'L001','R019','GP',0),
 (2015162,69,'L001','S038','GO',0),
 (2015162,81,'L001','M013','CY',0),
 (2015162,89,'E001','K013','GO',0),
 (2015163,27,'N002','G012','CY',0),
 (2015163,38,'N002','C013','GO',0),
 (2015163,52,'N002','R021','CY',0),
 (2015163,55,'N002','A038','GO',0),
 (2015163,67,'M002','A062','CY',0),
 (2015164,38,'N001','F003','GO',0),
 (2015164,41,'N001','P011','CY',0),
 (2015164,61,'A002','J092','GO',0),
 (2015164,77,'A002','L004','CY',0),
 (2015164,79,'A002','J092','CY',0),
 (2015164,84,'A002','A068','CY',0),
 (2015165,40,'S001','J114','CY',0),
 (2015165,40,'T001','H007','GO',0),
 (2015165,43,'T001','D037','GO',0),
 (2015165,72,'T001','D037','CY',0),
 (2015166,45,'C002','C047','GP',0),
 (2015166,52,'S002','X001','CY',0),
 (2015166,68,'S002','I002','CY',0),
 (2015166,76,'S002','B023','GP',0),
 (2015166,88,'C002','L007','GO',0),
 (2015167,34,'W002','J026','CR',0),
 (2015167,39,'W002','J090','CY',0),
 (2015167,52,'B001','A013','GO',0),
 (2015167,64,'W002','D021','CY',0),
 (2015167,79,'W002','G008','GO',0),
 (2015167,87,'B001','C025','GP',0),
 (2015167,90,'B001','A013','CY',0),
 (2015167,90,'W002','J117','CR',0),
 (2015168,87,'W003','C014','CY',0),
 (2015169,3,'W001','N004','GO',0),
 (2015169,15,'W001','O002','GO',0),
 (2015169,78,'W001','M068','CY',0),
 (2015169,85,'W001','O002','GO',0),
 (2015170,31,'M001','D031','CY',0),
 (2015170,33,'A001','T002','GO',0),
 (2015170,45,'A001','O008','GO',0),
 (2015170,48,'M001','N016','CY',0),
 (2015170,82,'M001','Y006','GO',0),
 (2015171,12,'A002','L004','CY',0),
 (2015171,13,'W003','A060','CY',0),
 (2015171,45,'W003','A001','GO',0),
 (2015171,58,'W003','J021','CY',0),
 (2015171,62,'A002','J092','GP',0),
 (2015171,74,'W003','C029','CY',0),
 (2015171,78,'A002','A022','CY',0),
 (2015171,90,'A002','J081','CY',0),
 (2015172,36,'B001','H004','CY',0),
 (2015173,32,'C001','D042','GO',0),
 (2015173,42,'W001','T025','GP',0),
 (2015173,44,'W001','M068','CY',0),
 (2015173,49,'W001','C054','CY',0),
 (2015173,56,'C001','G009','GW',0),
 (2015173,65,'C001','D042','GO',0),
 (2015173,80,'C001','O011','PM',0),
 (2015173,81,'W001','J115','CY',0),
 (2015173,83,'W001','V002','CY',0),
 (2015173,88,'C001','D042','CY',0),
 (2015174,45,'L002','A010','CY',0),
 (2015174,52,'L002','E017','CY',0),
 (2015174,62,'L001','R023','CY',0),
 (2015174,63,'L002','C036','GO',0),
 (2015175,4,'M001','R003','CY',0),
 (2015175,12,'M001','R003','GO',0),
 (2015175,17,'M001','Y006','GO',0),
 (2015175,22,'M001','W010','GO',0),
 (2015175,36,'S003','B020','CY',0),
 (2015175,54,'M001','K011','GO',0),
 (2015175,59,'S003','F002','GO',0),
 (2015175,69,'M001','W010','PM',0),
 (2015176,11,'N001','D024','CY',0),
 (2015176,36,'E001','G007','CY',0),
 (2015176,63,'E001','R028','CY',0),
 (2015176,82,'N001','J002','CY',0),
 (2015176,90,'E001','T014','GO',0),
 (2015177,19,'S001','C058','GO',0),
 (2015177,34,'S001','S032','CY',0),
 (2015177,55,'S001','S032','GO',0),
 (2015177,69,'S001','J114','GO',0),
 (2015177,90,'S001','S032','GO',0),
 (2015178,19,'S002','B023','GO',0),
 (2015178,25,'M002','A070','CY',0),
 (2015178,26,'S002','M029','GO',0),
 (2015178,49,'S002','B023','CY',0),
 (2015178,83,'M002','A053','CY',0),
 (2015179,9,'S004','K017','GO',0),
 (2015179,41,'W002','J083','CY',0),
 (2015179,64,'W002','C040','CY',0),
 (2015179,86,'S004','A059','CY',0),
 (2015179,86,'W002','C003','CY',0),
 (2015180,26,'T001','H007','GP',0),
 (2015180,42,'T001','H007','GO',0),
 (2015180,45,'N002','A038','CY',0),
 (2015180,74,'T001','E019','CY',0),
 (2015180,77,'N002','J084','CY',0),
 (2015180,80,'T001','T013','GO',0),
 (2015181,27,'A001','G003','GO',0),
 (2015181,30,'A001','A005','CY',0),
 (2015181,61,'A001','C008','CY',0),
 (2015181,63,'A001','M061','GO',0),
 (2015182,34,'C002','Y009','CY',0),
 (2015182,57,'C002','P004','CY',0),
 (2015182,59,'S004','N011','CY',0),
 (2015182,65,'S004','K017','CY',0),
 (2015182,90,'C002','B032','CY',0),
 (2015183,17,'S002','X001','GO',0),
 (2015183,22,'E001','R027','GO',0),
 (2015183,24,'S002','P022','CY',0),
 (2015183,40,'E001','G021','CY',0),
 (2015183,45,'S002','X001','GO',0),
 (2015183,64,'E001','R027','GO',0),
 (2015183,71,'E001','G021','GO',0),
 (2015183,80,'S002','J119','GO',0),
 (2015183,90,'E001','J078','CY',0),
 (2015183,90,'S002','M029','GP',0),
 (2015184,27,'C001','M072','CY',0),
 (2015184,30,'M002','M080','CY',0),
 (2015184,39,'M002','C033','CY',0),
 (2015184,72,'C001','E003','CY',0),
 (2015184,81,'M002','B007','CY',0),
 (2015184,90,'M002','W003','CY',0),
 (2015185,24,'N002','J084','GO',0),
 (2015185,42,'A002','J101','CY',0),
 (2015185,61,'N002','R035','CY',0),
 (2015185,77,'A002','I003','CY',0),
 (2015185,87,'N002','D044','GO',0),
 (2015185,90,'A002','A068','CY',0),
 (2015185,90,'A002','J092','CY',0),
 (2015185,90,'A002','M062','CY',0),
 (2015185,90,'N002','R033','CY',0),
 (2015186,6,'T001','D037','CY',0),
 (2015186,17,'T001','E020','GO',0),
 (2015186,41,'W001','O002','GO',0),
 (2015186,52,'W001','M068','CY',0),
 (2015186,58,'W001','J116','CY',0),
 (2015186,63,'W001','N004','CR',0),
 (2015186,64,'W001','T025','CY',0),
 (2015186,65,'W001','O002','CY',0),
 (2015186,81,'T001','T009','CY',0),
 (2015186,89,'T001','S043','GO',0),
 (2015187,78,'W002','D021','GO',0),
 (2015188,13,'W003','C014','GW',0),
 (2015188,52,'S001','C058','CY',0),
 (2015188,56,'S001','O010','CY',0),
 (2015188,58,'W003','J029','CY',0),
 (2015188,66,'S001','R036','CY',0),
 (2015188,69,'W003','M066','GO',0),
 (2015188,79,'W003','A057','GO',0),
 (2015189,66,'M001','A026','CY',0),
 (2015189,76,'M001','E006','CY',0),
 (2015189,81,'L001','M008','CY',0),
 (2015189,90,'M001','K011','CY',0),
 (2015190,19,'L002','C036','CY',0),
 (2015190,46,'L002','C036','GO',0),
 (2015190,58,'L002','E017','CY',0),
 (2015190,77,'L002','A023','CY',0),
 (2015190,86,'S003','J049','CY',0),
 (2016001,35,'N001','J002','CY',0),
 (2016001,68,'N001','D024','CY',0),
 (2016001,72,'A001','L002','GO',0),
 (2016001,82,'A001','M045','CY',0),
 (2016001,90,'A001','M061','CY',0),
 (2016002,34,'B001','H004','CY',0),
 (2016002,57,'B001','S040','CR',0),
 (2016002,59,'L001','R019','PM',0),
 (2016002,62,'L001','M008','CY',0),
 (2016003,42,'M002','C033','CY',0),
 (2016003,48,'M002','A062','GO',0),
 (2016003,64,'S004','A059','CY',0),
 (2016003,70,'S004','G035','GO',0),
 (2016003,77,'M002','W003','GO',0),
 (2016003,85,'M002','D001','CY',0),
 (2016004,35,'S001','V006','CY',0),
 (2016004,73,'S001','V006','CR',0),
 (2016004,76,'N002','A038','GO',0),
 (2016004,88,'N002','D034','CY',0),
 (2016005,26,'S003','W006','CY',0),
 (2016005,30,'A002','M062','GW',0),
 (2016005,33,'S003','F002','CY',0),
 (2016005,43,'A002','A022','CY',0),
 (2016005,63,'A002','C015','GO',0),
 (2016005,69,'A002','A014','CY',0),
 (2016005,72,'S003','J050','GO',0),
 (2016005,87,'A002','C015','CY',0),
 (2016005,90,'S003','J050','GO',0),
 (2016005,90,'S003','L006','CY',0),
 (2016006,38,'W001','A044','CY',0),
 (2016006,55,'W001','B013','GO',0),
 (2016006,82,'M001','Y006','GO',0),
 (2016006,85,'M001','S027','GO',0),
 (2016007,61,'W002','S045','GO',0),
 (2016007,76,'S002','M029','CY',0),
 (2016007,81,'S002','J086','GO',0),
 (2016007,84,'S002','G015','CR',0),
 (2016007,90,'W002','C031','CY',0),
 (2016007,90,'W002','J090','GO',0),
 (2016008,10,'W003','M066','GO',0),
 (2016008,18,'W003','M007','CY',0),
 (2016008,24,'L002','L032','CY',0),
 (2016008,55,'W003','A057','GO',0),
 (2016009,13,'C002','D003','CY',0),
 (2016009,29,'C001','O011','GO',0),
 (2016009,57,'C002','M073','CY',0),
 (2016009,60,'C001','W016','GO',0),
 (2016009,66,'C001','D042','GO',0),
 (2016009,80,'C002','S017','CY',0),
 (2016010,22,'E001','A003','GO',0),
 (2016010,35,'E001','S019','CY',0),
 (2016010,45,'T001','D037','GO',0),
 (2016010,69,'T001','E020','CY',0),
 (2016010,72,'T001','T013','CY',0),
 (2016011,58,'C002','W002','GW',0),
 (2016011,68,'A002','J101','CY',0),
 (2016011,79,'C002','J074','CY',0),
 (2016011,80,'A002','I003','CY',0),
 (2016012,17,'B001','H004','GO',0),
 (2016012,66,'B001','A013','CY',0),
 (2016012,67,'W003','D045','GO',0),
 (2016012,68,'W003','D045','CY',0),
 (2016012,74,'W003','E018','GO',0),
 (2016012,84,'W003','E018','GO',0),
 (2016013,9,'M002','W003','GP',0),
 (2016013,25,'M002','M031','CY',0),
 (2016013,30,'M002','A047','CY',0),
 (2016013,35,'N001','C028','CY',0),
 (2016013,38,'M002','J052','GO',0),
 (2016013,42,'N001','G020','GO',0),
 (2016013,66,'M002','C033','CY',0),
 (2016013,67,'N001','A027','GP',0),
 (2016013,79,'M002','W003','GO',0),
 (2016013,90,'N001','P011','GO',0),
 (2016014,20,'C001','C018','GO',0),
 (2016014,25,'W002','C040','CY',0),
 (2016014,33,'W002','C056','GO',0),
 (2016014,49,'C001','D042','CY',0),
 (2016014,68,'W002','B021','CY',0),
 (2016014,70,'C001','T003','CY',0),
 (2016014,70,'W002','J026','CY',0),
 (2016014,73,'W002','G008','GW',0),
 (2016014,85,'C001','C018','CY',0),
 (2016014,86,'W002','J026','GO',0),
 (2016015,10,'L002','R024','GO',0),
 (2016015,10,'L002','R024','CY',0),
 (2016015,14,'A001','A005','GO',0),
 (2016015,19,'L002','R024','GO',0),
 (2016015,25,'A001','O008','GO',0),
 (2016015,53,'L002','N010','CY',0),
 (2016015,55,'A001','O008','GO',0),
 (2016015,90,'L002','J057','GO',0),
 (2016016,50,'E001','M083','CY',0),
 (2016017,16,'S001','S032','GO',0),
 (2016017,24,'S001','C017','CY',0),
 (2016017,67,'W001','S023','CY',0),
 (2016017,74,'S001','D055','GO',0),
 (2016017,77,'W001','T025','CY',0),
 (2016018,31,'N002','G012','CR',0),
 (2016018,49,'S002','J086','GO',0),
 (2016018,55,'N002','J084','GO',0),
 (2016018,67,'S002','J119','GO',0),
 (2016018,78,'N002','A038','CY',0),
 (2016018,78,'N002','R035','GW',0),
 (2016019,3,'S003','J050','GO',0),
 (2016019,21,'S004','G035','GP',0),
 (2016019,37,'S004','K034','CR',0),
 (2016019,40,'S004','A049','GO',0),
 (2016019,49,'S004','F005','GW',0),
 (2016019,61,'S003','J050','GO',0),
 (2016019,67,'S003','V009','CY',0),
 (2016019,79,'S003','P010','CY',0),
 (2016019,85,'S003','J050','GO',0),
 (2016020,79,'T001','E019','CY',0),
 (2016020,83,'L001','R023','GO',0),
 (2016021,14,'A002','M025','CY',0),
 (2016021,29,'L001','S038','GO',0),
 (2016021,33,'A002','A046','CY',0),
 (2016021,33,'L001','R019','PM',0),
 (2016021,75,'A002','R030','GO',0),
 (2016021,76,'L001','R023','CY',0),
 (2016021,85,'A002','L004','CY',0),
 (2016021,85,'L001','J034','CY',0),
 (2016022,10,'B001','D006','GO',0),
 (2016022,43,'N002','D034','CY',0),
 (2016022,48,'B001','H004','CY',0),
 (2016022,54,'B001','C025','GP',0),
 (2016022,75,'B001','B015','GO',0),
 (2016023,50,'C001','J079','GW',0),
 (2016023,56,'E001','K013','GO',0),
 (2016023,64,'C001','D042','GO',0),
 (2016023,66,'C001','D042','GO',0),
 (2016023,90,'C001','J079','GO',0),
 (2016023,90,'C001','J079','CY',0),
 (2016023,90,'E001','R005','GO',0),
 (2016023,90,'E001','R005','CY',0),
 (2016024,22,'M001','F001','GO',0),
 (2016024,41,'M001','S027','GO',0),
 (2016024,69,'M001','S027','GO',0),
 (2016024,72,'C002','M030','CY',0),
 (2016024,84,'M001','D031','GO',0),
 (2016024,90,'C002','Y009','CY',0),
 (2016025,6,'N001','A073','GO',0),
 (2016025,15,'N001','G020','GO',0),
 (2016025,49,'W003','N017','GO',0),
 (2016025,90,'N001','R022','CY',0),
 (2016026,5,'S001','J030','GO',0),
 (2016026,35,'S001','J030','GP',0),
 (2016026,72,'S001','D055','GO',0),
 (2016027,41,'S003','P010','GO',0),
 (2016027,42,'T001','C037','GO',0),
 (2016027,47,'S003','L006','CY',0),
 (2016027,55,'S003','A008','CY',0),
 (2016027,60,'T001','M081','GO',0),
 (2016027,67,'T001','C037','GO',0),
 (2016027,79,'T001','H007','GP',0),
 (2016028,65,'M002','C033','CY',0),
 (2016028,75,'M002','M031','CY',0),
 (2016028,78,'M002','W003','GO',0),
 (2016030,22,'W001','J116','CY',0),
 (2016030,27,'S004','A069','GO',0),
 (2016030,33,'W001','A044','CY',0),
 (2016030,62,'S004','L011','CY',0),
 (2016030,90,'S004','G035','CY',0),
 (2016031,30,'T001','J036','GW',0),
 (2016031,61,'C002','J024','CY',0),
 (2016031,63,'T001','H007','GO',0),
 (2016031,79,'T001','K021','CY',0),
 (2016031,84,'T001','D037','GO',0),
 (2016031,90,'C002','M073','CY',0),
 (2016031,90,'T001','H007','CY',0),
 (2016031,90,'T001','N002','GO',0),
 (2016032,42,'L001','D011','GO',0),
 (2016032,59,'S002','X001','CY',0),
 (2016032,66,'L001','J034','GO',0),
 (2016032,87,'L001','L013','GO',0),
 (2016033,87,'S001','C024','GO',0),
 (2016034,19,'L002','R024','GO',0),
 (2016034,29,'N002','D044','GO',0),
 (2016034,41,'N002','S058','GO',0),
 (2016034,54,'N002','W008','GP',0),
 (2016034,56,'L002','J094','GO',0),
 (2016034,63,'L002','R024','GO',0),
 (2016034,75,'L002','J027','GO',0),
 (2016034,90,'L002','A010','GO',0),
 (2016034,90,'L002','A010','CY',0),
 (2016034,90,'N002','W008','GO',0),
 (2016035,13,'B001','B015','GO',0),
 (2016035,18,'B001','A055','CY',0),
 (2016035,45,'S003','P010','GO',0),
 (2016035,89,'S003','B020','CY',0),
 (2016036,46,'W001','O002','GO',0),
 (2016036,51,'N001','C020','CY',0),
 (2016036,56,'W001','V002','CY',0),
 (2016036,58,'W001','C054','GO',0),
 (2016036,68,'W001','M068','CY',0),
 (2016036,71,'N001','J018','GO',0),
 (2016037,41,'A002','M062','CY',0),
 (2016038,1,'W003','E018','GO',0),
 (2016038,9,'M001','S027','GP',0),
 (2016038,32,'M001','M032','CY',0),
 (2016038,39,'W003','M026','CY',0),
 (2016038,56,'W003','E018','GO',0),
 (2016038,70,'W003','S003','CY',0),
 (2016038,81,'M001','S027','GO',0),
 (2016038,89,'M001','Y006','CY',0),
 (2016038,90,'M001','F007','CY',0),
 (2016039,11,'C001','O011','CY',0),
 (2016039,18,'A001','P016','CR',0),
 (2016039,23,'C001','D042','GO',0),
 (2016039,45,'A001','M045','CY',0),
 (2016039,60,'C001','N012','CY',0),
 (2016039,72,'C001','M072','CY',0),
 (2016040,17,'S004','G035','GP',0),
 (2016040,26,'S004','J003','GW',0),
 (2016040,34,'S004','A049','GO',0),
 (2016040,43,'S004','A059','CY',0),
 (2016040,52,'S004','L034','CY',0),
 (2016040,66,'S004','G035','CY',0),
 (2016041,61,'S001','C017','CY',0),
 (2016041,87,'A001','F013','CY',0),
 (2016041,89,'A001','G003','CY',0),
 (2016042,27,'C002','S017','GO',0),
 (2016042,34,'B001','M011','GO',0),
 (2016042,43,'C002','W011','CY',0),
 (2016042,51,'C002','S017','CY',0),
 (2016042,57,'B001','B015','GO',0),
 (2016042,65,'B001','S040','CY',0),
 (2016042,69,'C002','M073','CY',0),
 (2016042,76,'B001','S051','CY',0),
 (2016042,81,'B001','A013','CY',0),
 (2016042,90,'B001','L015','CY',0),
 (2016043,60,'L001','J034','GO',0),
 (2016043,72,'L001','J034','GO',0),
 (2016043,86,'L002','L032','CY',0),
 (2016044,14,'M002','J052','GO',0),
 (2016044,23,'M002','A062','GO',0),
 (2016044,53,'M002','W003','GO',0),
 (2016044,55,'M002','M052','CY',0),
 (2016044,60,'M002','A062','CY',0),
 (2016044,85,'S002','S048','CY',0),
 (2016045,2,'T001','D037','GO',0),
 (2016045,29,'N002','S024','CY',0),
 (2016045,30,'T001','H007','GP',0),
 (2016045,58,'T001','T009','CY',0),
 (2016045,88,'T001','D017','CY',0),
 (2016045,89,'N002','A038','CY',0),
 (2016045,90,'T001','H007','GO',0),
 (2016046,16,'M001','S027','GO',0),
 (2016046,59,'S003','B020','CY',0),
 (2016046,80,'M001','N016','CY',0),
 (2016046,90,'M001','B002','CY',0),
 (2016046,90,'M001','F006','CY',0),
 (2016046,90,'M001','S027','CY',0),
 (2016047,64,'S004','G035','GO',0),
 (2016047,90,'W002','J117','GO',0),
 (2016048,17,'A002','J092','CR',0),
 (2016048,49,'W003','A040','CY',0),
 (2016048,58,'W003','M066','GO',0),
 (2016048,67,'W003','J021','CY',0),
 (2016048,70,'W003','M026','CY',0),
 (2016048,85,'W003','C029','GO',0),
 (2016049,23,'E001','A003','GO',0),
 (2016049,61,'N001','J088','CY',0),
 (2016049,74,'E001','S019','CY',0),
 (2016049,88,'E001','R028','GP',0),
 (2016049,88,'N001','J018','CY',0),
 (2016049,90,'E001','R028','GP',0),
 (2016049,90,'N001','J018','CR',0),
 (2016050,19,'C001','S023','CY',0),
 (2016050,45,'C001','J132','CY',0),
 (2016050,45,'W001','D042','CY',0),
 (2016051,12,'N002','J084','CY',0),
 (2016051,45,'A002','J081','GO',0),
 (2016051,51,'A002','G001','GO',0),
 (2016051,77,'N002','T008','CY',0),
 (2016052,39,'S003','D002','CY',0),
 (2016052,59,'L002','R024','GO',0),
 (2016052,70,'L002','A010','GO',0),
 (2016052,81,'L002','A023','CY',0),
 (2016052,82,'S003','A008','GO',0),
 (2016052,89,'S003','J050','GO',0),
 (2016053,3,'L001','R023','GO',0),
 (2016053,36,'L001','W007','CY',0),
 (2016053,46,'L001','D018','CY',0),
 (2016053,48,'L001','R019','GO',0),
 (2016053,60,'L001','R023','GO',0),
 (2016053,69,'M001','P002','CY',0),
 (2016053,72,'M001','F007','CY',0),
 (2016053,87,'M001','S027','GO',0),
 (2016054,32,'N001','A027','GO',0),
 (2016054,48,'W002','G008','CY',0),
 (2016054,63,'W002','J020','CY',0),
 (2016054,83,'W002','J083','CY',0),
 (2016055,9,'S001','M058','GO',0),
 (2016055,54,'S001','V006','CR',0),
 (2016055,67,'W003','E018','CY',0),
 (2016055,83,'S001','J107','CY',0),
 (2016055,88,'W003','S003','CY',0),
 (2016056,11,'E001','R027','GP',0),
 (2016056,28,'E001','S019','GO',0),
 (2016056,42,'E001','A003','GO',0),
 (2016056,59,'S002','M005','CY',0),
 (2016057,13,'S004','G035','GO',0),
 (2016057,47,'C002','S017','GO',0),
 (2016057,55,'C002','D003','CY',0),
 (2016057,57,'C002','M073','CY',0),
 (2016057,75,'S004','F005','CY',0),
 (2016058,60,'W001','E023','CY',0),
 (2016058,64,'T001','K021','GO',0),
 (2016059,9,'A001','M045','CY',0),
 (2016059,23,'A001','M061','GO',0),
 (2016059,24,'A001','A034','GO',0),
 (2016060,61,'M002','J052','GO',0),
 (2016060,64,'M002','D001','CY',0),
 (2016060,79,'M002','J052','CY',0),
 (2016060,83,'M002','C033','CY',0),
 (2016060,90,'C001','D042','GO',0),
 (2016061,9,'S002','G024','GO',0),
 (2016061,21,'S002','M005','CY',0),
 (2016061,36,'B001','M011','CY',0),
 (2016061,52,'S002','I002','GO',0),
 (2016061,55,'S002','J119','GO',0),
 (2016061,57,'B001','M050','GO',0),
 (2016061,74,'B001','M050','CY',0),
 (2016061,85,'B001','S040','CY',0),
 (2016061,90,'B001','H004','CY',0),
 (2016061,90,'S002','G024','CY',0),
 (2016062,5,'C001','D042','GO',0),
 (2016062,9,'C001','P013','GO',0),
 (2016062,17,'C001','W016','GO',0),
 (2016062,19,'N001','S060','CY',0),
 (2016062,59,'C001','P013','GO',0),
 (2016062,61,'N001','J088','CY',0),
 (2016062,83,'C001','B018','GO',0),
 (2016062,90,'N001','A056','GO',0),
 (2016063,16,'W001','T025','GP',0),
 (2016063,45,'C002','E014','GO',0),
 (2016063,77,'W001','M024','CY',0),
 (2016063,82,'W001','T025','GO',0),
 (2016063,90,'C002','P004','CR',0),
 (2016064,14,'W002','J117','GO',0),
 (2016064,51,'W002','D021','CY',0),
 (2016064,52,'W002','J026','CY',0),
 (2016064,65,'E001','G007','CY',0),
 (2016064,76,'W002','B010','CY',0),
 (2016064,83,'W002','C031','CY',0),
 (2016065,23,'W003','J021','CY',0),
 (2016065,32,'W003','P015','CY',0),
 (2016065,34,'N002','S058','CY',0),
 (2016065,55,'N002','R021','GO',0),
 (2016065,65,'N002','W008','GO',0),
 (2016065,74,'W003','D045','GO',0),
 (2016065,77,'W003','M026','GO',0),
 (2016065,90,'N002','J084','CY',0),
 (2016066,3,'S003','W001','GO',0),
 (2016066,38,'S003','D033','CY',0),
 (2016066,39,'M002','A062','GO',0),
 (2016066,45,'S003','J076','CY',0),
 (2016066,46,'M002','W003','CY',0),
 (2016066,58,'M002','J135','CY',0),
 (2016066,59,'M002','M063','CY',0),
 (2016066,82,'M002','D025','GW',0),
 (2016067,32,'S001','O010','CY',0),
 (2016067,64,'S001','J107','CY',0),
 (2016067,69,'S001','S032','GO',0),
 (2016067,90,'S001','J030','CY',0),
 (2016068,36,'A001','F013','CY',0),
 (2016068,45,'A001','A005','CY',0),
 (2016068,45,'A001','L002','CY',0),
 (2016068,45,'L001','J034','GP',0),
 (2016068,49,'L001','D018','CY',0),
 (2016068,52,'L001','C038','CY',0),
 (2016068,54,'L001','D018','CR',0),
 (2016068,57,'L001','N013','CY',0),
 (2016068,71,'A001','T002','GO',0),
 (2016068,90,'A001','D020','GO',0),
 (2016068,90,'A001','D020','CY',0),
 (2016068,90,'L001','M013','CY',0),
 (2016069,16,'L002','D014','GO',0),
 (2016069,25,'L002','J027','GO',0),
 (2016069,43,'A002','L004','CY',0),
 (2016069,58,'L002','E017','GO',0),
 (2016069,63,'L002','D047','GO',0),
 (2016069,65,'A002','A068','CY',0),
 (2016069,65,'L002','N010','GO',0),
 (2016069,71,'L002','K023','GO',0),
 (2016069,77,'A002','J101','CY',0),
 (2016069,84,'L002','K015','CY',0),
 (2016070,45,'T001','E019','CY',0),
 (2016070,47,'M001','V007','CY',0),
 (2016070,54,'T001','H007','GP',0),
 (2016070,56,'T001','K016','CY',0),
 (2016070,74,'M001','K006','GO',0),
 (2016070,76,'T001','T013','CY',0),
 (2016070,83,'T001','C037','GO',0);
/*!40000 ALTER TABLE `dmatch` ENABLE KEYS */;


--
-- Definition of table `manager`
--

DROP TABLE IF EXISTS `manager`;
CREATE TABLE `manager` (
  `manager_id` varchar(4) NOT NULL,
  `manager_name` varchar(255) NOT NULL,
  `birthdate` date NOT NULL,
  `nationality_id` varchar(4) NOT NULL,
  `working` tinyint(1) NOT NULL,
  `delete` tinyint(1) NOT NULL,
  PRIMARY KEY  (`manager_id`)
) ENGINE=InnoDB DEFAULT CHARSET=utf8;

--
-- Dumping data for table `manager`
--

/*!40000 ALTER TABLE `manager` DISABLE KEYS */;
INSERT INTO `manager` (`manager_id`,`manager_name`,`birthdate`,`nationality_id`,`working`,`delete`) VALUES 
 ('A001','Alan Curtis','1954-04-16','W001',1,0),
 ('A002','Alan Pardew','1961-07-18','E003',1,0),
 ('A003','Alex Ferguson','1941-12-31','S003',0,0),
 ('A004','Alex Neil','1981-06-09','S003',1,0),
 ('A005','Andre Villas-Boas','1977-10-17','P002',0,0),
 ('A006','Andy Crosby','1973-03-03','E003',0,0),
 ('A007','Arsene Wenger','1949-10-22','F002',1,0),
 ('B001','Brendan Rodgers','1973-01-26','N004',0,0),
 ('B002','Brian Kidd','1949-05-29','E003',0,0),
 ('B003','Brian McDermott','1961-08-04','E003',0,0),
 ('C001','Chris Hughton','1958-11-12','E003',0,0),
 ('C002','Claudio Ranieri','1951-10-20','I002',1,0),
 ('C003','Colin Calderwood','1965-01-20','S003',0,0),
 ('C004','Colin Pascoe','1965-04-09','W001',0,0),
 ('D001','Dave Kemp','1953-02-20','E003',0,0),
 ('D002','David Kemp','1953-02-20','E003',1,0),
 ('D003','David Moyes','1963-04-25','S003',0,0),
 ('D004','Dean Austin','1970-04-26','E003',1,0),
 ('E001','Eddie Howe','1977-11-29','E003',1,0),
 ('E002','Erwin Koeman','1961-09-20','N001',1,0),
 ('G001','Gerard Houllier','1947-09-03','F002',0,0),
 ('G002','Gianfranco Zola','1966-07-05','I002',0,0),
 ('G003','Graeme Jones','1970-03-17','E003',1,0),
 ('G004','Guus Hiddink','1946-11-08','N001',1,0),
 ('H001','Harry Redknapp','1947-03-02','E003',0,0),
 ('I001','Ian Cathro','1986-07-11','S003',1,0),
 ('I002','Ian Culverhouse','1964-09-22','E003',0,0),
 ('J001','Jason Tindall','1977-11-15','E003',1,0),
 ('J002','John Carver','1965-01-16','E003',0,0),
 ('J003','Jose Mourinho','1963-01-26','P002',0,0),
 ('J004','Juande Ramos','1954-09-25','S010',0,0),
 ('J005','Jurgen Klopp','1967-06-16','G002',1,0),
 ('K001','Keith Millen','1966-09-26','E003',1,0),
 ('K002','Kenny Dalglish','1951-03-04','E003',0,0),
 ('K003','Kevin Keegan','1951-02-14','E003',0,0),
 ('K004','Kevin Keen','1967-02-25','E003',0,0),
 ('L001','Louis Van Gaal','1951-08-08','N001',1,0),
 ('M001','Manuel Pellegrini','1957-05-19','A002',1,0),
 ('M002','Mark Bowen','1963-12-07','E003',1,0),
 ('M003','Mark Hughes','1963-11-01','E003',1,0),
 ('M004','Martin Jol','1956-01-16','N001',0,0),
 ('M005','Martin O\'Neill','1952-03-01','N004',0,0),
 ('M006','Mauricio Pochettino','1972-03-02','A002',1,0),
 ('M007','Michael Laudrup','1964-06-15','D001',0,0),
 ('M008','Mike Phelan','1962-09-24','E003',0,0),
 ('N001','Neil McDonald','1965-11-02','E003',0,0),
 ('N002','Nigel Adkins','1956-03-11','E003',0,0),
 ('N003','Nikola Jurcevic','1966-09-14','Y001',1,0),
 ('P001','Paul Bracewell','1962-07-19','E003',1,0),
 ('P002','Paul Lambert','1969-08-07','S003',0,0),
 ('Q001','Quique Flores','1965-02-05','S010',1,0),
 ('R001','Rafael Benitez','1960-04-16','S010',0,0),
 ('R002','Ray Wilkins','1956-09-14','E003',0,0),
 ('R003','Reginald Ray','1968-10-31','F002',1,0),
 ('R004','Remi Garde','1966-04-03','F002',1,0),
 ('R005','Roberto Di Matteo','1970-05-29','I002',0,0),
 ('R006','Roberto Mancini','1964-11-27','I002',0,0),
 ('R007','Roberto Martinez','1973-07-13','S010',1,0),
 ('R008','Ronald Koeman','1963-03-21','N001',1,0),
 ('R009','Ruben Cousillas','1953-09-16','C005',1,0),
 ('R010','Ryan Giggs','1973-11-29','E003',1,0),
 ('S001','Sam Allardyce','1954-10-19','E003',1,0),
 ('S002','Slaven Bilic','1968-09-11','Y001',1,0),
 ('S003','Steffen Freund','1970-01-19','G002',0,0),
 ('S004','Steve Bould','1962-11-16','E003',1,0),
 ('S005','Steve Clarke','1963-08-29','S003',0,0),
 ('S006','Steve Holland','1970-04-30','E003',1,0),
 ('S007','Steve McClaren','1961-05-03','E003',1,0),
 ('S008','Steve Round','1970-11-09','E003',0,0),
 ('S009','Steve Walsh','1964-11-03','E003',1,0),
 ('S010','Stuart Pearce','1962-04-24','E003',0,0),
 ('S011','Sven-Goran Eriksson','1948-02-05','S011',0,0),
 ('T001','Terry Venables','1943-01-06','E003',0,0),
 ('T002','Tim Sherwood','1969-02-06','E003',0,0),
 ('T003','Tony Pulis','1958-01-16','W001',1,0),
 ('Z001','Zeljko Buvac','1961-09-13','B003',1,0);
/*!40000 ALTER TABLE `manager` ENABLE KEYS */;


--
-- Definition of table `match`
--

DROP TABLE IF EXISTS `match`;
CREATE TABLE `match` (
  `match_id` varchar(7) NOT NULL,
  `match_date` date NOT NULL,
  `team_home` varchar(4) NOT NULL,
  `team_away` varchar(4) NOT NULL,
  `goal_home` int(2) NOT NULL,
  `goal_away` int(2) NOT NULL,
  `referee_id` varchar(4) NOT NULL,
  `delete` tinyint(1) NOT NULL,
  PRIMARY KEY  (`match_id`)
) ENGINE=InnoDB DEFAULT CHARSET=utf8;

--
-- Dumping data for table `match`
--

/*!40000 ALTER TABLE `match` DISABLE KEYS */;
INSERT INTO `match` (`match_id`,`match_date`,`team_home`,`team_away`,`goal_home`,`goal_away`,`referee_id`,`delete`) VALUES 
 ('2015001','2015-08-08','B001','A002',0,1,'M002',0),
 ('2015002','2015-08-08','C001','S004',2,2,'M005',0),
 ('2015003','2015-08-08','E001','W001',2,2,'M004',0),
 ('2015004','2015-08-08','L001','S003',4,2,'L001',0),
 ('2015005','2015-08-08','M002','T001',1,0,'J001',0),
 ('2015006','2015-08-08','N002','C002',1,3,'S002',0),
 ('2015007','2015-08-09','A001','W003',0,2,'M001',0),
 ('2015008','2015-08-09','N001','S001',2,2,'C001',0),
 ('2015009','2015-08-09','S002','L002',0,1,'A002',0),
 ('2015010','2015-08-10','W002','M001',0,3,'M003',0),
 ('2015011','2015-08-14','A002','M002',0,1,'M003',0),
 ('2015012','2015-08-15','S001','E001',0,3,'M005',0),
 ('2015013','2015-08-15','S003','N002',1,3,'K001',0),
 ('2015014','2015-08-15','S004','N001',2,0,'M004',0),
 ('2015015','2015-08-15','T001','S002',2,2,'R002',0),
 ('2015016','2015-08-15','W001','W002',0,0,'P001',0),
 ('2015017','2015-08-15','W003','L001',1,2,'A002',0),
 ('2015018','2015-08-16','C002','A001',1,2,'L001',0),
 ('2015019','2015-08-16','M001','C001',3,0,'M001',0),
 ('2015020','2015-08-17','L002','B001',1,0,'C001',0),
 ('2015021','2015-08-22','C002','A002',2,1,'K002',0),
 ('2015022','2015-08-22','L001','T001',1,1,'M001',0),
 ('2015023','2015-08-22','M002','N001',0,0,'C001',0),
 ('2015024','2015-08-22','N002','S002',1,1,'M003',0),
 ('2015025','2015-08-22','S003','S004',1,1,'N001',0),
 ('2015026','2015-08-22','W003','B001',3,4,'J001',0),
 ('2015027','2015-08-23','E001','M001',0,2,'A002',0),
 ('2015028','2015-08-23','W001','S001',0,0,'A001',0),
 ('2015029','2015-08-23','W002','C001',2,3,'M002',0),
 ('2015030','2015-08-24','A001','L002',0,0,'M005',0),
 ('2015031','2015-08-29','A002','S003',2,2,'R002',0),
 ('2015032','2015-08-29','B001','L001',1,1,'N001',0),
 ('2015033','2015-08-29','C001','C002',1,2,'C001',0),
 ('2015034','2015-08-29','L002','W003',0,3,'K001',0),
 ('2015035','2015-08-29','M001','W001',2,0,'M002',0),
 ('2015036','2015-08-29','N001','A001',0,1,'A001',0),
 ('2015037','2015-08-29','S002','W002',0,1,'M005',0),
 ('2015038','2015-08-29','T001','E001',0,0,'M004',0),
 ('2015039','2015-08-30','S001','N002',3,0,'J001',0),
 ('2015040','2015-08-30','S004','M002',2,1,'M001',0),
 ('2015041','2015-09-12','A001','S002',2,0,'J001',0),
 ('2015042','2015-09-12','C002','M001',0,1,'M004',0),
 ('2015043','2015-09-12','E001','C001',3,1,'A001',0),
 ('2015044','2015-09-12','M002','L002',3,1,'M005',0),
 ('2015045','2015-09-12','N002','B001',3,1,'M001',0),
 ('2015046','2015-09-12','W001','S004',1,0,'R002',0),
 ('2015047','2015-09-12','W002','S001',0,0,'S001',0),
 ('2015048','2015-09-13','L001','A002',3,2,'M003',0),
 ('2015049','2015-09-13','S003','T001',0,1,'C001',0),
 ('2015050','2015-09-14','W003','N001',2,0,'A002',0),
 ('2015051','2015-09-19','A002','W002',0,1,'M001',0),
 ('2015052','2015-09-19','B001','S003',2,0,'K001',0),
 ('2015053','2015-09-19','C001','A001',2,0,'M003',0),
 ('2015054','2015-09-19','M001','W003',1,2,'R002',0),
 ('2015055','2015-09-19','N001','W001',1,2,'R001',0),
 ('2015056','2015-09-19','S002','L001',2,2,'A001',0),
 ('2015057','2015-09-19','S004','E001',0,0,'S001',0),
 ('2015058','2015-09-20','L002','N002',1,1,'A002',0),
 ('2015059','2015-09-20','S001','M002',2,3,'M002',0),
 ('2015060','2015-09-20','T001','C002',1,0,'M005',0),
 ('2015061','2015-09-26','L001','A001',2,5,'C001',0),
 ('2015062','2015-09-26','L002','A002',3,2,'J001',0),
 ('2015063','2015-09-26','M002','S003',3,0,'M004',0),
 ('2015064','2015-09-26','N001','C001',2,2,'M001',0),
 ('2015065','2015-09-26','S001','S004',3,1,'R001',0),
 ('2015066','2015-09-26','S002','B001',2,1,'L001',0),
 ('2015067','2015-09-26','T001','M001',4,1,'M002',0),
 ('2015068','2015-09-26','W003','N002',2,2,'M003',0),
 ('2015069','2015-09-27','W001','C002',0,1,'A002',0),
 ('2015070','2015-09-28','W002','E001',2,3,'R002',0),
 ('2015071','2015-10-03','A002','S002',0,1,'M004',0),
 ('2015072','2015-10-03','B001','W001',1,1,'M005',0),
 ('2015073','2015-10-03','C001','S001',1,3,'R002',0),
 ('2015074','2015-10-03','C002','W002',2,0,'J001',0),
 ('2015075','2015-10-03','M001','N001',6,1,'K001',0),
 ('2015076','2015-10-03','N002','L001',1,2,'M002',0),
 ('2015077','2015-10-03','S003','W003',2,2,'N001',0),
 ('2015078','2015-10-04','A001','M002',3,0,'A002',0),
 ('2015079','2015-10-04','E001','L002',1,1,'M001',0),
 ('2015080','2015-10-04','S004','T001',2,2,'M003',0),
 ('2015081','2015-10-17','C001','A002',2,0,'R001',0),
 ('2015082','2015-10-17','C002','W003',1,3,'M002',0),
 ('2015083','2015-10-17','E001','M002',0,3,'J001',0),
 ('2015084','2015-10-17','M001','B001',5,1,'M003',0),
 ('2015085','2015-10-17','S001','L001',2,2,'P001',0),
 ('2015086','2015-10-17','T001','L002',0,0,'C001',0),
 ('2015087','2015-10-17','W001','A001',0,3,'M004',0),
 ('2015088','2015-10-17','W002','S003',1,0,'M001',0),
 ('2015089','2015-10-18','N001','N002',6,2,'A002',0),
 ('2015090','2015-10-19','S004','S002',0,1,'R002',0),
 ('2015091','2015-10-24','A001','E001',2,1,'L001',0),
 ('2015092','2015-10-24','A002','S004',1,2,'N001',0),
 ('2015093','2015-10-24','L001','C002',1,0,'M003',0),
 ('2015094','2015-10-24','N002','W002',0,1,'K001',0),
 ('2015095','2015-10-24','S002','W001',0,2,'M001',0),
 ('2015096','2015-10-24','W003','C001',2,1,'J001',0),
 ('2015097','2015-10-25','B001','T001',1,5,'R001',0),
 ('2015098','2015-10-25','L002','S001',1,1,'A001',0),
 ('2015099','2015-10-25','M002','M001',0,0,'M002',0),
 ('2015100','2015-10-25','S003','N001',3,0,'R002',0),
 ('2015101','2015-10-31','C001','L002',1,3,'M002',0),
 ('2015102','2015-10-31','C002','M002',0,0,'M004',0),
 ('2015103','2015-10-31','M001','N002',2,1,'R002',0),
 ('2015104','2015-10-31','N001','S002',0,0,'R001',0),
 ('2015105','2015-10-31','S004','A001',0,3,'K001',0),
 ('2015106','2015-10-31','W001','W003',2,0,'K002',0),
 ('2015107','2015-10-31','W002','L001',2,3,'A002',0),
 ('2015108','2015-11-01','E001','S003',6,2,'A001',0),
 ('2015109','2015-11-01','S001','B001',2,0,'C001',0),
 ('2015110','2015-11-02','T001','A002',3,1,'M003',0),
 ('2015111','2015-11-07','B001','N001',0,1,'L001',0),
 ('2015112','2015-11-07','L001','W001',2,1,'R001',0),
 ('2015113','2015-11-07','M002','W002',2,0,'M003',0),
 ('2015114','2015-11-07','N002','S004',1,0,'M002',0),
 ('2015115','2015-11-07','S002','C001',1,0,'A002',0),
 ('2015116','2015-11-07','S003','S001',0,1,'M004',0),
 ('2015117','2015-11-07','W003','E001',1,1,'P001',0),
 ('2015118','2015-11-08','A001','T001',1,1,'M001',0),
 ('2015119','2015-11-08','A002','M001',0,0,'C001',0),
 ('2015120','2015-11-08','L002','C002',1,2,'N001',0),
 ('2015121','2015-11-21','C001','N002',1,0,'C001',0),
 ('2015122','2015-11-21','E001','A002',4,0,'M005',0),
 ('2015123','2015-11-21','M001','L002',1,4,'J001',0),
 ('2015124','2015-11-21','N001','L001',0,3,'M004',0),
 ('2015125','2015-11-21','S001','S002',0,1,'L001',0),
 ('2015126','2015-11-21','S004','B001',2,2,'A001',0),
 ('2015127','2015-11-21','W001','M002',1,2,'R002',0),
 ('2015128','2015-11-21','W002','A001',2,1,'M002',0),
 ('2015129','2015-11-22','T001','W003',4,1,'A002',0),
 ('2015130','2015-11-23','C002','S003',0,1,'M001',0),
 ('2015131','2015-11-28','A002','W001',2,3,'L001',0),
 ('2015132','2015-11-28','B001','E001',3,3,'K001',0),
 ('2015133','2015-11-28','C002','N001',5,1,'S001',0),
 ('2015134','2015-11-28','L001','M002',1,1,'C001',0),
 ('2015135','2015-11-28','M001','S001',3,1,'R001',0),
 ('2015136','2015-11-28','S003','S002',2,0,'M003',0),
 ('2015137','2015-11-29','L002','S004',1,0,'A002',0),
 ('2015138','2015-11-29','N002','A001',1,1,'J001',0),
 ('2015139','2015-11-29','T001','C001',0,0,'M005',0),
 ('2015140','2015-11-29','W003','W002',1,1,'M001',0),
 ('2015141','2015-12-05','A001','S003',3,1,'R002',0),
 ('2015142','2015-12-05','C001','B001',0,1,'M004',0),
 ('2015143','2015-12-05','M002','W003',0,0,'M002',0),
 ('2015144','2015-12-05','S001','A002',1,1,'A002',0),
 ('2015145','2015-12-05','S002','M001',2,0,'M001',0),
 ('2015146','2015-12-05','S004','L001',0,3,'M005',0),
 ('2015147','2015-12-05','W001','N002',2,0,'M003',0),
 ('2015148','2015-12-05','W002','T001',1,1,'J001',0),
 ('2015149','2015-12-06','N001','L002',2,0,'A001',0),
 ('2015150','2015-12-07','E001','C002',1,1,'C001',0),
 ('2015151','2015-12-12','B001','M002',2,1,'A002',0),
 ('2015152','2015-12-12','C002','S001',1,0,'M003',0),
 ('2015153','2015-12-12','M001','S004',2,1,'R002',0),
 ('2015154','2015-12-12','N002','E001',1,1,'M001',0),
 ('2015155','2015-12-12','S003','W001',0,1,'G001',0),
 ('2015156','2015-12-12','W003','S002',0,0,'A001',0),
 ('2015157','2015-12-13','A002','A001',0,2,'K001',0),
 ('2015158','2015-12-13','L002','W002',2,2,'C001',0),
 ('2015159','2015-12-13','T001','N001',1,2,'R001',0),
 ('2015160','2015-12-14','L001','C001',2,1,'M002',0),
 ('2015161','2015-12-19','C001','S003',3,1,'R001',0),
 ('2015162','2015-12-19','E001','L001',2,3,'J001',0),
 ('2015163','2015-12-19','M002','N002',1,2,'M005',0),
 ('2015164','2015-12-19','N001','A002',1,1,'M001',0),
 ('2015165','2015-12-19','S001','T001',0,2,'K001',0),
 ('2015166','2015-12-19','S002','C002',1,2,'R002',0),
 ('2015167','2015-12-19','W002','B001',1,2,'M003',0),
 ('2015168','2015-12-20','S004','W003',0,0,'L001',0),
 ('2015169','2015-12-20','W001','L002',3,0,'M002',0),
 ('2015170','2015-12-21','A001','M001',2,1,'A001',0),
 ('2015171','2015-12-26','A002','W003',1,1,'M003',0),
 ('2015172','2015-12-26','B001','C002',0,0,'M005',0),
 ('2015173','2015-12-26','C001','W001',2,2,'A001',0),
 ('2015174','2015-12-26','L002','L001',1,0,'M001',0),
 ('2015175','2015-12-26','M001','S003',4,1,'A002',0),
 ('2015176','2015-12-26','N001','E001',0,1,'L001',0),
 ('2015177','2015-12-26','S001','A001',4,0,'J001',0),
 ('2015178','2015-12-26','S002','M002',2,0,'K001',0),
 ('2015179','2015-12-26','S004','W002',1,0,'R001',0),
 ('2015180','2015-12-26','T001','N002',3,0,'M004',0),
 ('2015181','2015-12-28','A001','B001',2,0,'R001',0),
 ('2015182','2015-12-28','C002','S004',0,0,'N001',0),
 ('2015183','2015-12-28','E001','S002',3,4,'M002',0),
 ('2015184','2015-12-28','M002','C001',0,0,'M001',0),
 ('2015185','2015-12-28','N002','A002',2,0,'G001',0),
 ('2015186','2015-12-28','W001','T001',1,2,'A002',0),
 ('2015187','2015-12-28','W002','N001',1,0,'M004',0),
 ('2015188','2015-12-28','W003','S001',2,1,'M005',0),
 ('2015189','2015-12-29','L001','M001',0,0,'C001',0),
 ('2015190','2015-12-30','S003','L002',0,1,'K001',0),
 ('2016001','2016-01-02','A001','N001',1,0,'A002',0),
 ('2016002','2016-01-02','L001','B001',0,0,'A001',0),
 ('2016003','2016-01-02','M002','S004',2,1,'J001',0),
 ('2016004','2016-01-02','N002','S001',1,0,'M002',0),
 ('2016005','2016-01-02','S003','A002',3,1,'C001',0),
 ('2016006','2016-01-02','W001','M001',1,2,'M001',0),
 ('2016007','2016-01-02','W002','S002',2,1,'L001',0),
 ('2016008','2016-01-02','W003','L002',2,0,'R002',0),
 ('2016009','2016-01-03','C002','C001',0,3,'K001',0),
 ('2016010','2016-01-03','E001','T001',1,1,'M005',0),
 ('2016011','2016-01-12','A002','C002',1,0,'M002',0),
 ('2016012','2016-01-12','B001','W003',1,3,'M001',0),
 ('2016013','2016-01-12','N001','M002',3,3,'M003',0),
 ('2016014','2016-01-13','C001','W002',2,2,'A002',0),
 ('2016015','2016-01-13','L002','A001',3,3,'M004',0),
 ('2016016','2016-01-13','M001','E001',0,0,'R001',0),
 ('2016017','2016-01-13','S001','W001',2,0,'C001',0),
 ('2016018','2016-01-13','S002','N002',3,1,'N001',0),
 ('2016019','2016-01-13','S004','S003',2,4,'G001',0),
 ('2016020','2016-01-13','T001','L001',0,1,'L001',0),
 ('2016021','2016-01-16','A002','L001',1,1,'R001',0),
 ('2016022','2016-01-16','B001','N002',3,0,'R002',0),
 ('2016023','2016-01-16','C001','E001',3,3,'M004',0),
 ('2016024','2016-01-16','M001','C002',4,0,'J001',0),
 ('2016025','2016-01-16','N001','W003',2,1,'N001',0),
 ('2016026','2016-01-16','S001','W002',3,0,'M001',0),
 ('2016027','2016-01-16','T001','S003',4,1,'M003',0),
 ('2016028','2016-01-17','L002','M002',0,1,'M002',0),
 ('2016029','2016-01-17','S002','A001',0,0,'C001',0),
 ('2016030','2016-01-18','S004','W001',1,0,'M005',0),
 ('2016031','2016-01-23','C002','T001',1,3,'M001',0),
 ('2016032','2016-01-23','L001','S002',3,0,'M003',0),
 ('2016033','2016-01-23','M002','S001',0,1,'M004',0),
 ('2016034','2016-01-23','N002','L002',4,5,'L001',0),
 ('2016035','2016-01-23','S003','B001',1,1,'R001',0),
 ('2016036','2016-01-23','W001','N001',2,1,'A001',0),
 ('2016037','2016-01-23','W002','A002',0,0,'R002',0),
 ('2016038','2016-01-23','W003','M001',2,2,'C001',0),
 ('2016039','2016-01-24','A001','C001',0,1,'M002',0),
 ('2016040','2016-01-24','E001','S004',1,2,'A002',0),
 ('2016041','2016-02-02','A001','S001',0,0,'L001',0),
 ('2016042','2016-02-02','C002','B001',1,2,'M004',0),
 ('2016043','2016-02-02','L001','L002',2,0,'A001',0),
 ('2016044','2016-02-02','M002','S002',3,0,'R001',0),
 ('2016045','2016-02-02','N002','T001',0,3,'K001',0),
 ('2016046','2016-02-02','S003','M001',0,1,'S001',0),
 ('2016047','2016-02-02','W002','S004',1,1,'N001',0),
 ('2016048','2016-02-02','W003','A002',2,0,'J001',0),
 ('2016049','2016-02-03','E001','N001',3,0,'C001',0),
 ('2016050','2016-02-03','W001','C001',0,0,'M003',0),
 ('2016051','2016-02-06','A002','N002',2,0,'M001',0),
 ('2016052','2016-02-06','L002','S003',2,2,'R002',0),
 ('2016053','2016-02-06','M001','L001',1,3,'A002',0),
 ('2016054','2016-02-06','N001','W002',1,0,'L001',0),
 ('2016055','2016-02-06','S001','W003',1,0,'M002',0),
 ('2016056','2016-02-06','S002','E001',0,3,'A001',0),
 ('2016057','2016-02-06','S004','C002',1,1,'M003',0),
 ('2016058','2016-02-06','T001','W001',1,0,'R001',0),
 ('2016059','2016-02-07','B001','A001',0,2,'K001',0),
 ('2016060','2016-02-07','C001','M002',1,1,'M005',0),
 ('2016061','2016-02-13','B001','S002',1,3,'G001',0),
 ('2016062','2016-02-13','C001','N001',5,1,'R002',0),
 ('2016063','2016-02-13','C002','W001',1,2,'R001',0),
 ('2016064','2016-02-13','E001','W002',0,1,'M005',0),
 ('2016065','2016-02-13','N002','W003',2,2,'M004',0),
 ('2016066','2016-02-13','S003','M002',2,1,'A001',0),
 ('2016067','2016-02-13','S004','S001',0,1,'J001',0),
 ('2016068','2016-02-14','A001','L001',2,1,'M001',0),
 ('2016069','2016-02-14','A002','L002',0,6,'N001',0),
 ('2016070','2016-02-14','M001','T001',1,2,'M002',0);
/*!40000 ALTER TABLE `match` ENABLE KEYS */;


--
-- Definition of table `nationality`
--

DROP TABLE IF EXISTS `nationality`;
CREATE TABLE `nationality` (
  `nationality_id` varchar(4) NOT NULL,
  `abv` varchar(255) NOT NULL,
  `nation` varchar(255) NOT NULL,
  `delete` tinyint(1) NOT NULL,
  PRIMARY KEY  (`nationality_id`)
) ENGINE=InnoDB DEFAULT CHARSET=utf8;

--
-- Dumping data for table `nationality`
--

/*!40000 ALTER TABLE `nationality` DISABLE KEYS */;
INSERT INTO `nationality` (`nationality_id`,`abv`,`nation`,`delete`) VALUES 
 ('A001','ALG','Algeria',0),
 ('A002','ARG','Argentina',0),
 ('A003','AUS','Australia',0),
 ('A004','AUT','Austria',0),
 ('B001','BEL','Belgium',0),
 ('B002','BEN','Benin',0),
 ('B003','BIH','Bosnia and Herzegovina',0),
 ('B004','BRA','Brazil',0),
 ('B005','BFA','Burkina Faso',0),
 ('C001','CMR','Cameroon',0),
 ('C002','CAN','Canada',0),
 ('C003','CHI','Chile',0),
 ('C004','COL','Colombia',0),
 ('C005','CGO','Congo',0),
 ('C006','CRC','Costa Rica',0),
 ('C007','CRO','Croatia',0),
 ('C008','CUW','Curaao',0),
 ('C009','CYP','Cyprus',0),
 ('C010','CZE','Czech Republic',0),
 ('D001','DEN','Denmark',0),
 ('D002','COD','DR Congo',0),
 ('E001','ECU','Ecuador',0),
 ('E002','EGY','Egypt',0),
 ('E003','ENG','England',0),
 ('F001','FIN','Finland',0),
 ('F002','FRA','France',0),
 ('G001','GAM','Gambia',0),
 ('G002','GER','Germany',0),
 ('G003','GHA','Ghana',0),
 ('G004','GRE','Greece',0),
 ('H001','HUN','Hungary',0),
 ('I001','ISL','Iceland',0),
 ('I002','ITA','Italy',0),
 ('I003','CIV','Ivory Coast',0),
 ('J001','JAM','Jamaica',0),
 ('J002','JPN','Japan',0),
 ('K001','KEN','Kenya',0),
 ('L001','LTU','Lithuania',0),
 ('M001','MKD','Macedonia',0),
 ('M002','MLI','Mali',0),
 ('M003','MEX','Mexico',0),
 ('M004','MAR','Morocco',0),
 ('N001','NED','Netherlands',0),
 ('N002','NZL','New Zealand',0),
 ('N003','NGA','Nigeria',0),
 ('N004','NIR','Northern Ireland',0),
 ('N005','NOR','Norway',0),
 ('P001','POL','Poland',0),
 ('P002','POR','Portugal',0),
 ('R001','IRL','Republic of Ireland',0),
 ('R002','ROU','Romania',0),
 ('S001','SKN','Saint Kitts and Nevis',0),
 ('S002','LCA','Saint Lucia',0),
 ('S003','SCO','Scotland',0),
 ('S004','SEN','Senegal',0),
 ('S005','SRB','Serbia',0),
 ('S006','SVK','Slovakia',0),
 ('S007','SVN','Slovenia',0),
 ('S008','RSA','South Africa',0),
 ('S009','KOR','South Korea',0),
 ('S010','ESP','Spain',0),
 ('S011','SWE','Sweden',0),
 ('S012','SUI','Switzerland',0),
 ('T001','TOG','Togo',0),
 ('T002','TUN','Tunisia',0),
 ('T003','TUR','Turkey',0),
 ('U001','USA','United States',0),
 ('U002','URU','Uruguay',0),
 ('V001','VEN','Venezuela',0),
 ('W001','WAL','Wales',0),
 ('Y001','YUG','Yugoslavia',0),
 ('Z001','ZIM','Zimbabwe',0);
/*!40000 ALTER TABLE `nationality` ENABLE KEYS */;


--
-- Definition of table `player`
--

DROP TABLE IF EXISTS `player`;
CREATE TABLE `player` (
  `player_id` varchar(4) NOT NULL,
  `team_number` int(3) NOT NULL,
  `player_name` varchar(255) NOT NULL,
  `nationality_id` varchar(4) NOT NULL,
  `playing_pos` varchar(1) NOT NULL,
  `height` int(3) NOT NULL,
  `weight` int(3) NOT NULL,
  `birthdate` date NOT NULL,
  `team_id` varchar(4) NOT NULL,
  `status` tinyint(1) NOT NULL,
  `delete` tinyint(1) NOT NULL,
  PRIMARY KEY  (`player_id`)
) ENGINE=InnoDB DEFAULT CHARSET=utf8;

--
-- Dumping data for table `player`
--

/*!40000 ALTER TABLE `player` DISABLE KEYS */;
INSERT INTO `player` (`player_id`,`team_number`,`player_name`,`nationality_id`,`playing_pos`,`height`,`weight`,`birthdate`,`team_id`,`status`,`delete`) VALUES 
 ('A001',3,'Aaron Cresswell','E003','D',170,66,'1989-12-15','W003',1,0),
 ('A002',67,'Aaron Eyoma','E003','M',175,74,'1997-09-22','A001',1,0),
 ('A003',12,'Aaron Lennon','E003','M',165,63,'1987-04-16','E001',1,0),
 ('A004',57,'Aaron Nemane','E003','M',180,86,'1997-09-26','M001',1,0),
 ('A005',16,'Aaron Ramsey','W001','M',178,76,'1990-12-26','A001',1,0),
 ('A006',34,'Adam Bogdan','H001','G',194,90,'1987-09-27','L002',1,0),
 ('A007',23,'Adam Federici','A003','G',188,90,'1985-01-31','B001',1,0),
 ('A008',11,'Adam Johnson','E003','M',175,62,'1987-07-14','S003',0,0),
 ('A009',53,'Adam King','S003','M',180,75,'1995-10-11','S004',1,0),
 ('A010',20,'Adam Lallana','E003','M',173,73,'1988-05-10','L002',1,0),
 ('A011',12,'Adam Matthews','W001','D',178,71,'1992-01-13','S003',1,0),
 ('A012',73,'Adam Phillips','E003','M',180,76,'1998-01-15','L002',1,0),
 ('A013',15,'Adam Smith','E003','D',173,67,'1991-04-29','B001',1,0),
 ('A014',20,'Adama Traore','S010','F',178,75,'1996-01-25','A002',1,0),
 ('A015',36,'Adil Nabi','E003','F',172,68,'1994-02-28','W002',0,0),
 ('A016',17,'Adlene Guedioura','A001','M',185,80,'1985-11-12','W001',1,0),
 ('A017',11,'Adnan Januzaj','B001','M',180,75,'1995-02-05','M002',1,0),
 ('A018',38,'Adnan Mari?','S011','M',181,76,'1997-02-17','S004',1,0),
 ('A019',13,'Adrin','S010','G',188,77,'1987-01-03','W003',1,0),
 ('A020',3,'Adrian Mariappa','J001','D',180,70,'1986-10-03','C002',1,0),
 ('A021',7,'Aidan McGeady','R001','M',178,72,'1986-04-04','E001',0,0),
 ('A022',21,'Alan Hutton','S003','D',185,72,'1984-11-30','A002',1,0),
 ('A023',18,'Alberto Moreno','S010','D',171,64,'1992-07-05','L002',1,0),
 ('A024',9,'Alberto Paloschi','I002','F',182,82,'1990-01-04','S004',1,0),
 ('A025',75,'Aleix Garca','S010','M',173,61,'1997-06-28','M001',1,0),
 ('A026',11,'Aleksandar Kolarov','S005','D',187,83,'1985-11-10','M001',1,0),
 ('A027',45,'Aleksandar Mitrovic','S005','F',189,82,'1994-09-16','N001',1,0),
 ('A028',32,'Alessandro Diamanti','I002','F',180,73,'1983-05-02','W001',0,0),
 ('A029',43,'Alex Bray','W001','M',178,66,'1995-07-25','S004',1,0),
 ('A030',47,'Alex Gogi?','C009','M',185,83,'1994-04-13','S004',1,0),
 ('A031',45,'Alex Iwobi','E003','F',175,72,'1996-05-03','A001',1,0),
 ('A032',36,'Alex Jakubiak','E003','F',177,66,'1996-08-27','W001',1,0),
 ('A033',12,'Alex McCarthy','E003','G',193,79,'1989-12-03','C002',1,0),
 ('A034',15,'Alex Oxlade-Chamberlain','E003','M',180,70,'1993-08-15','A001',1,0),
 ('A035',40,'Alex Palmer','E003','G',183,72,'1996-08-10','W002',1,0),
 ('A036',20,'Alex Pritchard','E003','F',171,62,'1993-05-03','W002',1,0),
 ('A037',54,'Alex Samuel','W001','F',182,79,'1995-09-20','S004',0,0),
 ('A038',27,'Alexander Tettey','N005','M',180,68,'1986-04-04','N002',1,0),
 ('A039',11,'Alexandre Pato','B004','F',179,71,'1989-09-02','C001',1,0),
 ('A040',4,'Alexandre Song','C001','M',184,76,'1987-09-09','W003',1,0),
 ('A041',17,'Alexis Sanchez','C003','F',168,62,'1988-12-19','A001',1,0),
 ('A042',41,'Alfie Whiteman','E003','G',189,87,'1998-10-02','T001',1,0),
 ('A043',37,'Alfie Young','E003','D',184,82,'1997-02-03','W001',1,0),
 ('A044',2,'Allan-Romeo Nyom','C001','D',188,80,'1988-05-10','W001',1,0),
 ('A045',22,'Almen Abdi','S012','M',180,77,'1986-10-21','W001',1,0),
 ('A046',43,'Aly Cissokho','F002','D',181,75,'1987-09-15','A002',1,0),
 ('A047',21,'Ander Herrera','S010','M',181,68,'1989-08-14','M002',1,0),
 ('A048',21,'Anders Lindegaard','D001','G',193,80,'1984-04-13','W002',0,0),
 ('A049',10,'Andre Ayew','G003','F',176,72,'1989-12-17','S004',1,0),
 ('A050',30,'Andr Green','E003','M',180,71,'1998-05-02','A002',1,0),
 ('A051',39,'Andr Olukanmi','E003','M',183,69,'1997-12-01','L001',1,0),
 ('A052',3,'Andre Wisdom','E003','D',186,78,'1993-05-09','N002',1,0),
 ('A053',44,'Andreas Pereira','B001','M',177,66,'1996-01-01','M002',1,0),
 ('A054',19,'Andrej Kramari?','C007','F',177,70,'1991-06-19','L001',0,0),
 ('A055',6,'Andrew Surman','E003','M',178,72,'1986-08-20','B001',1,0),
 ('A056',25,'Andros Townsend','E003','M',183,76,'1991-07-16','N001',1,0),
 ('A057',9,'Andy Carroll','E003','F',191,65,'1989-01-06','W003',1,0),
 ('A058',10,'Andy King','W001','M',183,74,'1988-10-29','L001',1,0),
 ('A059',22,'Angel Rangel','S010','D',188,84,'1982-10-28','S004',1,0),
 ('A060',21,'Angelo Ogbonna Obinze','I002','D',189,86,'1988-05-23','W003',1,0),
 ('A061',54,'Angus Gunn','E003','G',196,77,'1996-01-22','M001',1,0),
 ('A062',9,'Anthony Martial','F002','F',181,76,'1995-12-05','M002',1,0),
 ('A063',49,'Antonee Robinson','E003','D',183,73,'1997-08-08','E001',1,0),
 ('A064',31,'Armani Little','E003','M',178,69,'1997-04-05','S001',1,0),
 ('A065',9,'Arouna Kone','I003','F',181,81,'1983-11-11','E001',1,0),
 ('A066',1,'Artur Boruc','P001','G',193,88,'1980-02-20','B001',1,0),
 ('A067',56,'Ashley Smith-Brown','E003','D',177,74,'1996-03-31','M001',1,0),
 ('A068',15,'Ashley Westwood','E003','M',175,67,'1990-04-01','A002',1,0),
 ('A069',6,'Ashley Williams','W001','D',183,75,'1984-08-23','S004',1,0),
 ('A070',18,'Ashley Young','E003','M',175,65,'1985-07-09','M002',1,0),
 ('A071',1,'Asmir Begovi?','B003','G',198,84,'1987-06-20','C001',1,0),
 ('A072',38,'Axel Tuanzebe','E003','D',182,75,'1997-11-14','M002',1,0),
 ('A073',17,'Ayoze Perez','S010','F',179,66,'1993-07-23','N001',1,0),
 ('B001',6,'Baba Rahman','G003','D',179,70,'1994-07-02','C001',1,0),
 ('B002',3,'Bacary Sagna','F002','D',176,72,'1983-02-14','M001',1,0),
 ('B003',18,'Bafetimbi Gomis','F002','F',184,77,'1985-08-06','S004',1,0),
 ('B004',38,'Baily Cargill','E003','D',178,79,'1995-10-13','B001',0,0),
 ('B005',26,'Bakary Sako','M002','M',180,76,'1988-04-24','C002',1,0),
 ('B006',25,'Barry Bannan','S003','M',170,60,'1989-12-01','C002',0,0),
 ('B007',31,'Bastian Schweinsteiger','G002','M',183,79,'1984-08-01','M002',1,0),
 ('B008',30,'Ben Chilwell','E003','D',178,76,'1996-12-21','L001',1,0),
 ('B009',33,'Ben Davies','W001','D',170,76,'1993-04-24','T001',1,0),
 ('B010',1,'Ben Foster','E003','G',188,80,'1983-04-03','W002',1,0),
 ('B011',12,'Ben Hamer','E003','G',180,78,'1987-11-20','L001',1,0),
 ('B012',56,'Ben Sheaf','E003','M',185,64,'1998-02-05','A001',1,0),
 ('B013',23,'Ben Watson','E003','M',178,69,'1985-07-09','W001',1,0),
 ('B014',39,'Ben Whitfield','E003','M',165,62,'1996-02-28','B001',1,0),
 ('B015',20,'Benik Afobe','E003','F',179,70,'1993-02-12','B001',1,0),
 ('B016',26,'Bernard Mensah','E003','F',173,59,'1994-12-29','W001',1,0),
 ('B017',59,'Bersant Celina','N005','M',162,60,'1996-09-09','M001',1,0),
 ('B018',14,'Bertrand Traore','B005','M',180,72,'1995-09-06','C001',1,0),
 ('B019',29,'Bevis Mugabi','E003','D',189,75,'1995-05-01','S001',1,0),
 ('B020',2,'Billy Jones','E003','D',181,77,'1987-03-24','S003',1,0),
 ('B021',13,'Boaz Myhill','W001','G',191,92,'1982-11-09','W002',1,0),
 ('B022',40,'Bobby Moseley','R001','D',178,70,'1996-03-07','S002',1,0),
 ('B023',27,'Bojan Krkic','S010','F',170,65,'1990-08-28','S002',1,0),
 ('B024',36,'Botti Bia-Bi','S003','F',188,79,'1996-03-08','S004',1,0),
 ('B025',1,'Brad Guzan','U001','G',193,94,'1984-09-09','A002',1,0),
 ('B026',44,'Brad Smith','A003','D',178,70,'1994-04-09','L002',1,0),
 ('B027',40,'Bradley Collins','E003','G',184,69,'1997-02-18','C001',1,0),
 ('B028',4,'Bradley Johnson','E003','M',178,68,'1987-04-28','N002',0,0),
 ('B029',41,'Bradley Watkins','E003','G',188,80,'1994-09-11','A002',1,0),
 ('B030',62,'Brandon Barker','E003','M',175,68,'1996-10-04','M001',1,0),
 ('B031',2,'Branislav Ivanovic','S005','D',188,86,'1984-02-22','C001',1,0),
 ('B032',4,'Brede Hangeland','N005','D',195,92,'1981-06-20','C002',1,0),
 ('B033',32,'Brendan Galloway','Z001','D',188,87,'1996-03-17','E001',1,0),
 ('B034',9,'Brown Ideye','N003','F',180,70,'1988-10-10','W002',0,0),
 ('B035',36,'Bruno Zuculini','A002','M',178,72,'1993-04-02','M001',0,0),
 ('B036',8,'Bryan Oviedo','C006','M',172,70,'1990-02-18','E001',1,0),
 ('C001',43,'Callam Jones','E003','D',183,76,'1996-01-31','W002',1,0),
 ('C002',43,'Callum Buckley','E003','D',172,80,'1997-09-02','B001',1,0),
 ('C003',19,'Callum McManaman','E003','F',175,71,'1991-04-25','W002',1,0),
 ('C004',46,'Callum Roberts','E003','F',173,65,'1997-04-14','N001',1,0),
 ('C005',37,'Callum Robinson','E003','F',178,75,'1995-02-02','A002',0,0),
 ('C006',40,'Callum Williams','E003','D',180,64,'1997-02-04','N001',1,0),
 ('C007',13,'Callum Wilson','E003','F',180,66,'1992-02-27','B001',1,0),
 ('C008',21,'Calum Chambers','E003','D',182,66,'1995-01-20','A001',1,0),
 ('C009',43,'Cameron Borthwick-Jackson','E003','D',183,78,'1997-02-02','M002',1,0),
 ('C010',32,'Cameron Brannagan','E003','M',180,71,'1996-05-09','L002',1,0),
 ('C011',38,'Cameron Carter-Vickers','U001','D',185,86,'1997-12-31','T001',1,0),
 ('C012',77,'Cameron Humphreys','E003','D',187,80,'1998-08-22','M001',1,0),
 ('C013',10,'Cameron Jerome','E003','F',185,85,'1986-08-14','N002',1,0),
 ('C014',12,'Carl Jenkinson','E003','D',185,77,'1992-02-08','W003',1,0),
 ('C015',25,'Carles Gil','S010','M',170,69,'1992-11-22','A002',1,0),
 ('C016',24,'Carlos Sanchez','C004','M',182,82,'1986-02-06','A002',1,0),
 ('C017',2,'Cedric Soares','P002','D',172,67,'1991-08-31','S001',1,0),
 ('C018',28,'Cesar Azpilicueta','S010','D',178,70,'1989-08-28','C001',1,0),
 ('C019',4,'Cesc Fabregas','S010','M',177,69,'1987-05-04','C001',1,0),
 ('C020',18,'Chancel Mbemba','D002','D',182,80,'1994-08-08','N001',1,0),
 ('C021',28,'Charalambos Mavrias','G004','M',177,74,'1994-02-21','S003',0,0),
 ('C022',28,'Charles N\'Zogbia','F002','M',170,70,'1986-05-28','A002',1,0),
 ('C023',16,'Charlie Adam','S003','M',185,83,'1985-12-10','S002',1,0),
 ('C024',28,'Charlie Austin','E003','F',188,84,'1989-07-05','S001',1,0),
 ('C025',11,'Charlie Daniels','E003','M',178,75,'1986-09-07','B001',1,0),
 ('C026',69,'Charlie Gilmour','E003','M',180,79,'1999-02-11','A001',1,0),
 ('C027',58,'Charlie Oliver','E003','D',178,76,'1997-11-17','M001',1,0),
 ('C028',24,'Cheik Ismael Tiote','I003','M',180,79,'1986-06-21','N001',1,0),
 ('C029',8,'Cheikhou Kouyate','S004','M',189,75,'1989-12-21','W003',1,0),
 ('C030',46,'Chiori Johnson','E003','D',175,72,'1997-10-05','A001',1,0),
 ('C031',11,'Chris Brunt','N004','M',185,84,'1984-12-14','W002',1,0),
 ('C032',30,'Chris Kettings','S003','G',188,78,'1992-10-25','C002',1,0),
 ('C033',12,'Chris Smalling','E003','D',193,90,'1989-11-22','M002',1,0),
 ('C034',59,'Chris Willock','E003','F',180,70,'1998-01-31','A001',1,0),
 ('C035',20,'Christian Atsu','G003','M',172,68,'1992-01-10','B001',0,0),
 ('C036',9,'Christian Benteke','B001','F',190,83,'1990-12-03','L002',1,0),
 ('C037',23,'Christian Eriksen','D001','M',175,65,'1992-02-14','T001',1,0),
 ('C038',28,'Christian Fuchs','A004','D',186,80,'1986-04-07','L001',1,0),
 ('C039',6,'Ciaran Clark','R001','D',188,76,'1989-09-26','A002',1,0),
 ('C040',5,'Claudio Yacob','A002','M',181,73,'1987-07-18','W002',1,0),
 ('C041',14,'Clinton N\'Jie','C001','F',175,68,'1993-08-15','T001',1,0),
 ('C042',48,'Connor Dymond','E003','M',175,70,'1994-09-12','C002',1,0),
 ('C043',54,'Connor Hunt','E003','G',189,81,'1996-04-13','E001',1,0),
 ('C044',56,'Connor Randall','E003','D',180,76,'1995-10-21','L002',1,0),
 ('C045',52,'Connor Roberts','W001','D',175,71,'1995-09-23','S004',0,0),
 ('C046',28,'Connor Smith','R001','M',181,73,'1993-02-18','W001',0,0),
 ('C047',21,'Connor Wickham','E003','F',191,73,'1993-03-31','C002',1,0),
 ('C048',39,'Conor Grant','E003','M',176,80,'1995-04-18','E001',0,0),
 ('C049',87,'Conor Masterson','R001','D',185,75,'1998-09-08','L002',1,0),
 ('C050',35,'Conor McAleny','E003','F',178,79,'1992-08-12','E001',0,0),
 ('C051',35,'Corey Blackett-Taylor','E003','F',170,67,'1997-09-23','A002',1,0),
 ('C052',18,'Costel Pantilimon','R002','G',197,96,'1987-02-01','W001',1,0),
 ('C053',48,'Courtney Duffus','E003','F',170,76,'1995-10-24','E001',1,0),
 ('C054',15,'Craig Cathcart','N004','D',188,72,'1989-02-06','W001',1,0),
 ('C055',25,'Craig Dawson','E003','D',183,78,'1990-05-06','W002',1,0),
 ('C056',8,'Craig Gardner','E003','M',178,71,'1986-11-25','W002',1,0),
 ('C057',16,'Cristian Gamboa','C006','D',175,67,'1989-10-24','W002',1,0),
 ('C058',15,'Cuco Martina','C008','D',185,70,'1989-09-25','S001',1,0),
 ('C059',33,'Curtis Good','A003','D',187,85,'1993-03-23','N001',1,0),
 ('D001',17,'Daley Blind','N001','M',182,68,'1990-03-09','M002',1,0),
 ('D002',10,'Dame N\'Doye','S004','F',186,81,'1985-02-21','S003',1,0),
 ('D003',27,'Damien Delaney','R001','D',191,89,'1981-07-29','C002',1,0),
 ('D004',47,'Dan Barlaser','T003','M',184,62,'1997-01-18','N001',1,0),
 ('D005',38,'Dan Crowley','E003','M',175,68,'1997-07-03','A001',1,0),
 ('D006',4,'Dan Gosling','E003','M',178,71,'1990-02-02','B001',1,0),
 ('D007',37,'Daniel Alfei','W001','D',180,77,'1992-02-23','S004',0,0),
 ('D008',13,'Daniel Amartey','G003','M',182,76,'1994-12-01','L001',1,0),
 ('D009',35,'Daniel Bachmann','A004','G',191,81,'1994-07-09','S002',1,0),
 ('D010',58,'Daniel Cleary','R001','D',182,79,'1996-03-09','L002',1,0),
 ('D011',4,'Daniel Drinkwater','E003','M',178,70,'1990-03-05','L001',1,0),
 ('D012',51,'Daniel James','W001','M',181,88,'1997-11-10','S004',1,0),
 ('D013',18,'Daniel Pudil','C010','M',185,76,'1985-09-27','W001',0,0),
 ('D014',15,'Daniel Sturridge','E003','F',188,76,'1989-09-01','L002',1,0),
 ('D015',19,'Danny Graham','E003','F',183,87,'1985-08-12','S003',0,0),
 ('D016',28,'Danny Ings','E003','F',178,73,'1992-03-16','L002',1,0),
 ('D017',3,'Danny Rose','E003','D',173,75,'1990-07-02','T001',1,0),
 ('D018',17,'Danny Simpson','E003','D',173,74,'1987-01-04','L001',1,0),
 ('D019',52,'Danny Ward','W001','G',191,88,'1993-06-22','L002',1,0),
 ('D020',23,'Danny Welbeck','E003','F',185,73,'1990-11-26','A001',1,0),
 ('D021',24,'Darren Fletcher','S003','M',183,83,'1984-02-01','W002',1,0),
 ('D022',1,'Darren Randolph','R001','G',185,78,'1987-05-12','W003',1,0),
 ('D023',4,'Darron Gibson','R001','M',180,83,'1987-10-25','E001',1,0),
 ('D024',22,'Daryl Janmaat','N001','D',176,65,'1989-07-22','N001',1,0),
 ('D025',1,'David De Gea','S010','G',192,82,'1990-11-07','M002',1,0),
 ('D026',51,'David Faupala','F002','F',183,72,'1997-02-11','M001',1,0),
 ('D027',45,'David Gregory','E003','G',185,70,'1994-10-01','C002',1,0),
 ('D028',53,'David Henen','B001','F',185,73,'1996-04-19','E001',0,0),
 ('D029',35,'David Nugent','E003','F',180,76,'1985-05-02','L001',0,0),
 ('D030',13,'David Ospina','C004','G',181,76,'1988-08-31','A001',1,0),
 ('D031',21,'David Silva','S010','M',170,67,'1986-01-08','M001',1,0),
 ('D032',7,'Dean Hammond','E003','M',183,74,'1983-03-07','L001',1,0),
 ('D033',24,'DeAndre Yedlin','U001','D',173,68,'1993-07-09','S003',1,0),
 ('D034',13,'Declan Rudd','E003','G',191,75,'1991-01-16','N002',1,0),
 ('D035',44,'Dejan Iliev','M001','G',195,87,'1995-02-25','A001',1,0),
 ('D036',6,'Dejan Lovren','C007','D',188,86,'1989-07-05','L002',1,0),
 ('D037',20,'Dele Alli','E003','M',185,76,'1996-04-11','T001',1,0),
 ('D038',22,'Demarai Gray','E003','M',179,66,'1996-06-28','L001',1,0),
 ('D039',39,'Dennon Lewis','E003','M',178,69,'1997-05-09','W001',1,0),
 ('D040',49,'Denzeil Boadu','E003','F',180,70,'1997-02-20','M001',1,0),
 ('D041',15,'Diafra Sakho','S004','F',184,79,'1989-12-24','W003',1,0),
 ('D042',19,'Diego Costa','S010','F',186,78,'1988-10-07','C001',1,0),
 ('D043',23,'Diego Poyet','E003','M',183,74,'1995-05-08','W003',0,0),
 ('D044',9,'Dieumerci Mbokani','D002','F',185,75,'1985-11-22','N002',1,0),
 ('D045',27,'Dimitri Payet','F002','M',174,70,'1987-03-29','W003',1,0),
 ('D046',23,'Dionatan Teixeira','S006','D',193,78,'1992-07-24','S002',1,0),
 ('D047',27,'Divock Origi','B001','F',185,75,'1995-04-18','L002',1,0),
 ('D048',40,'Djair Parfitt-Williams','U001','F',168,64,'1996-10-01','W003',1,0),
 ('D049',37,'Dom Telford','E003','F',175,72,'1996-12-05','S002',1,0),
 ('D050',46,'Dominic Gape','E003','M',180,70,'1994-09-09','S001',1,0),
 ('D051',37,'Donald Love','E003','D',178,72,'1994-12-02','M002',1,0),
 ('D052',25,'Doneil Henry','C002','D',188,82,'1993-04-20','W003',1,0),
 ('D053',75,'Donyell Malen','N001','F',180,72,'1999-01-09','A001',1,0),
 ('D054',41,'Duncan Watmore','E003','F',175,72,'1994-03-08','S003',1,0),
 ('D055',11,'Dusan Tadic','S005','M',181,76,'1988-11-20','S001',1,0),
 ('D056',16,'Dwight Gayle','E003','F',177,73,'1990-10-20','C002',1,0),
 ('D057',19,'Dwight Tiendalli','N001','D',177,68,'1985-10-21','S004',0,0),
 ('E001',34,'Easah Suliman','E003','D',188,80,'1998-01-26','A002',1,0),
 ('E002',38,'Eddy Lecygne','F002','M',181,67,'1996-08-06','S002',1,0),
 ('E003',10,'Eden Hazard','B001','M',170,69,'1991-01-07','C001',1,0),
 ('E004',17,'Eder','P002','F',188,81,'1987-12-22','S004',0,0),
 ('E005',71,'Edward Nketiah','E003','F',175,69,'1999-05-30','A001',1,0),
 ('E006',20,'Eliaquim Mangala','F002','D',187,74,'1991-02-13','M001',1,0),
 ('E007',17,'Elliott Bennett','E003','M',175,69,'1988-12-18','N002',0,0),
 ('E008',36,'Elliott Lee','E003','F',180,72,'1994-12-16','W003',0,0),
 ('E009',22,'Elliott Ward','E003','D',185,83,'1985-01-19','B001',0,0),
 ('E010',74,'Ellis Plummer','E003','D',181,70,'1994-09-02','M001',1,0),
 ('E011',23,'Emanuele Giaccherini','I002','M',167,60,'1985-05-05','S003',0,0),
 ('E012',80,'Emile Smith-Rowe','E003','M',175,76,'2000-07-28','A001',1,0),
 ('E013',26,'Emiliano Martinez','A002','G',193,85,'1992-09-02','A001',0,0),
 ('E014',25,'Emmanuel Adebayor','T001','F',191,75,'1984-02-26','C002',1,0),
 ('E015',29,'Emmanuel Emenike','N003','F',182,82,'1987-05-10','W003',1,0),
 ('E016',29,'Emmanuel Riviere','F002','F',182,76,'1990-03-03','N001',1,0),
 ('E017',23,'Emre Can','G002','M',186,76,'1994-01-12','L002',1,0),
 ('E018',11,'Enner Valencia','E001','F',174,72,'1989-11-04','W003',1,0),
 ('E019',15,'Eric Dier','E003','D',188,63,'1994-01-15','T001',1,0),
 ('E020',11,'Erik Lamela','A002','M',183,73,'1992-03-25','T001',1,0),
 ('E021',3,'Erik Pieters','N001','D',186,82,'1988-08-07','S002',1,0),
 ('E022',27,'Essaid Belkalem','A001','D',194,90,'1989-01-01','W001',1,0),
 ('E023',29,'Etienne Capoue','F002','M',189,80,'1988-07-11','W001',1,0),
 ('E024',32,'Eunan O\'Kane','R001','M',173,84,'1990-07-10','B001',1,0),
 ('E025',19,'Ezekiel Fryers','E003','D',183,75,'1992-09-09','C002',1,0),
 ('F001',18,'Fabian Delph','E003','M',174,60,'1989-11-21','M001',1,0),
 ('F002',9,'Fabio Borini','I002','F',180,74,'1991-03-29','S003',1,0),
 ('F003',2,'Fabricio Coloccini','A002','D',183,78,'1982-01-22','N001',1,0),
 ('F004',21,'Federico Fazio','A002','D',195,85,'1987-03-17','T001',0,0),
 ('F005',33,'Federico Fernandez','A002','D',190,83,'1989-02-21','S004',1,0),
 ('F006',25,'Fernandinho','B004','M',176,67,'1985-05-04','M001',1,0),
 ('F007',6,'Fernando','B004','M',183,74,'1987-07-25','M001',1,0),
 ('F008',11,'Fernando Forestieri','I002','F',172,67,'1990-01-16','W001',0,0),
 ('F009',37,'Filippo Costa','I002','D',176,68,'1995-05-21','B001',0,0),
 ('F010',20,'Florian Thauvin','F002','M',179,70,'1993-01-26','N001',0,0),
 ('F011',5,'Florin Gardos','R002','D',193,81,'1988-10-29','S001',1,0),
 ('F012',9,'Fraizer Campbell','E003','F',180,78,'1987-09-13','C002',1,0),
 ('F013',34,'Francis Coquelin','F002','M',178,73,'1991-05-13','A001',1,0),
 ('F014',55,'Francisco Junior','P002','M',162,65,'1992-01-18','E001',1,0),
 ('F015',14,'Franck Tabanou','F002','M',178,70,'1989-01-30','S004',0,0),
 ('F016',44,'Fraser Forster','E003','G',201,93,'1988-03-17','S001',1,0),
 ('F017',41,'Freddie Woodman','E003','G',186,69,'1997-03-04','N001',1,0),
 ('G001',11,'Gabriel Agbonlahor','E003','F',180,79,'1986-10-13','A002',1,0),
 ('G002',14,'Gabriel Obertan','F002','M',186,79,'1989-02-26','N001',1,0),
 ('G003',5,'Gabriel Paulista','B004','D',185,72,'1990-11-26','A001',1,0),
 ('G004',4,'Gabriele Angella','I002','D',189,79,'1989-04-28','W001',0,0),
 ('G005',35,'Gal Bigirimana','E003','M',173,68,'1993-10-22','N001',0,0),
 ('G006',22,'Gal Clichy','F002','D',181,72,'1985-07-26','M001',1,0),
 ('G007',18,'Gareth Barry','E003','M',183,79,'1981-02-23','E001',1,0),
 ('G008',23,'Gareth McAuley','N004','D',191,70,'1979-12-05','W002',1,0),
 ('G009',24,'Gary Cahill','E003','D',188,71,'1985-12-19','C001',1,0),
 ('G010',22,'Gary Gardner','E003','M',188,82,'1992-06-29','A002',0,0),
 ('G011',11,'Gary Hooper','E003','F',175,71,'1988-01-26','N002',0,0),
 ('G012',28,'Gary O\'Neil','E003','M',173,61,'1983-05-18','N002',1,0),
 ('G013',23,'Gastn Ramrez','U002','M',183,77,'1990-12-02','S001',0,0),
 ('G014',35,'Gedion Zelalem','G002','M',185,77,'1997-01-26','A001',0,0),
 ('G015',20,'Geoff Cameron','U001','D',191,92,'1985-07-11','S002',1,0),
 ('G016',40,'George Byers','S003','M',180,73,'1996-05-29','W001',1,0),
 ('G017',70,'George Evans','E003','M',184,76,'1994-12-13','M001',0,0),
 ('G018',73,'George Glendon','E003','M',177,70,'1995-05-03','M001',1,0),
 ('G019',39,'George Honeyman','E003','M',173,72,'1994-09-08','S003',1,0),
 ('G020',5,'Georginio Wijnaldum','N001','M',172,69,'1990-11-11','N001',1,0),
 ('G021',19,'Gerard Deulofeu','S010','F',179,60,'1994-03-13','E001',1,0),
 ('G022',25,'Gerhard Tremmel','G002','G',190,89,'1978-11-16','S004',0,0),
 ('G023',50,'Gethin Jones','W001','D',178,74,'1995-10-13','E001',1,0),
 ('G024',21,'Gianelli Imbula','C005','M',183,77,'1992-09-12','S002',1,0),
 ('G025',34,'Giedrius Arlauskis','L001','G',183,80,'1987-12-01','W001',0,0),
 ('G026',8,'Glen Johnson','E003','D',182,70,'1984-08-23','S002',1,0),
 ('G027',47,'Glen Kamara','F001','M',181,78,'1995-10-28','A001',0,0),
 ('G028',27,'Glenn Murray','E003','F',183,80,'1983-09-25','B001',1,0),
 ('G029',6,'Glenn Whelan','R001','M',180,79,'1984-01-13','S002',1,0),
 ('G030',33,'Gkhan Inler','S012','M',182,80,'1984-06-27','L001',1,0),
 ('G031',18,'Graham Dorrans','S003','M',175,73,'1987-05-05','N002',1,0),
 ('G032',19,'Graziano Pelle','I002','F',193,89,'1985-07-15','S001',1,0),
 ('G033',45,'Gregor Zabret','S007','G',187,82,'1995-08-18','S004',1,0),
 ('G034',30,'Guillermo Varela','U002','D',171,69,'1993-03-24','M002',1,0),
 ('G035',23,'Gylfi Sigurdsson','I001','M',186,77,'1989-09-08','S004',1,0),
 ('H001',23,'Haris Vu?ki?','S007','M',188,80,'1992-08-21','N001',0,0),
 ('H002',37,'Harley Willard','S003','M',180,65,'1997-09-04','S001',1,0),
 ('H003',18,'Harrison Reed','E003','M',176,74,'1995-01-27','S001',1,0),
 ('H004',8,'Harry Arter','R001','M',175,73,'1989-12-28','B001',1,0),
 ('H005',34,'Harry Cornick','E003','F',180,84,'1995-03-06','B001',1,0),
 ('H006',65,'Harry Donovan','E003','M',178,79,'1998-01-30','A001',1,0),
 ('H007',10,'Harry Kane','E003','F',183,65,'1993-07-28','T001',1,0),
 ('H008',38,'Harry Panayiotou','S001','F',178,72,'1994-10-28','L001',0,0),
 ('H009',15,'Harry Toffolo','E003','D',183,71,'1995-08-19','N002',0,0),
 ('H010',29,'Harry Winks','E003','M',178,65,'1996-02-02','T001',1,0),
 ('H011',41,'Harvey Isted','E003','G',177,81,'1997-03-05','S001',0,0),
 ('H012',24,'Hector Bellerin','S010','D',177,74,'1995-03-19','A001',1,0),
 ('H013',23,'Henri Saivet','S004','M',173,70,'1990-10-26','N001',1,0),
 ('H014',34,'Henry Jones','W001','M',183,84,'1993-09-18','S004',1,0),
 ('H015',1,'Heurelho Gomes','B004','G',191,82,'1981-02-15','W001',1,0),
 ('H016',38,'Hiram Boateng','E003','M',170,70,'1996-01-08','C002',1,0),
 ('H017',48,'Hugo Keto','F001','G',191,70,'1998-02-09','A001',1,0),
 ('H018',1,'Hugo Lloris','F002','G',188,78,'1986-12-26','T001',1,0),
 ('I001',45,'Ian Lawlor','R001','G',192,80,'1994-10-27','M001',0,0),
 ('I002',14,'Ibrahim Afellay','N001','M',181,68,'1986-04-02','S002',1,0),
 ('I003',8,'Idrissa Gueye','S004','M',174,64,'1989-09-26','A002',1,0),
 ('I004',21,'Ikechi Anya','S003','M',168,71,'1988-01-03','W001',1,0),
 ('I005',63,'Ilias Chatzitheodoridis','G004','D',175,70,'1997-12-05','A001',1,0),
 ('I006',41,'Isaac Hayden','E003','D',187,79,'1995-03-22','A001',0,0),
 ('I007',36,'Ismal Bennacer','F002','M',167,59,'1997-12-01','A001',1,0),
 ('I008',36,'Ivan Toney','E003','F',179,65,'1996-03-16','N001',1,0),
 ('I009',25,'Ivo Pinto','P002','D',184,73,'1990-01-07','N002',1,0),
 ('J001',1,'Jack Butland','E003','G',192,95,'1993-03-10','S002',1,0),
 ('J002',4,'Jack Colback','E003','M',176,70,'1989-10-24','N001',1,0),
 ('J003',24,'Jack Cork','E003','M',183,69,'1989-06-25','S004',1,0),
 ('J004',41,'Jack Dunn','E003','M',172,67,'1994-11-19','L002',1,0),
 ('J005',40,'Jack Grealish','E003','M',175,68,'1995-09-10','A002',1,0),
 ('J006',8,'Jack Rodwell','E003','M',188,70,'1991-03-11','S003',1,0),
 ('J007',38,'Jack Rose','E003','G',183,75,'1995-01-31','W002',1,0),
 ('J008',42,'Jack Simpson','E003','D',178,83,'1997-06-01','B001',1,0),
 ('J009',24,'Jack Stephens','E003','D',185,84,'1994-01-27','S001',0,0),
 ('J010',10,'Jack Wilshere','E003','M',170,65,'1992-01-01','A001',1,0),
 ('J011',35,'Jacob Blyth','E003','F',191,77,'1992-08-14','L001',1,0),
 ('J012',37,'Jake Clarke-Salter','E003','D',188,70,'1997-09-22','C001',1,0),
 ('J013',34,'Jake Flannigan','E003','M',180,71,'1996-02-02','S001',1,0),
 ('J014',41,'Jake Gray','E003','M',180,70,'1995-12-25','C002',0,0),
 ('J015',42,'Jake Hesketh','E003','M',168,63,'1996-03-27','S001',1,0),
 ('J016',31,'Jake Kean','E003','G',193,76,'1991-02-04','N002',1,0),
 ('J017',29,'Jakob Haugaard','D001','G',197,87,'1992-05-01','S002',1,0),
 ('J018',15,'Jamaal Lascelles','E003','D',188,83,'1993-12-11','N001',1,0),
 ('J019',27,'Jamal Blackman','E003','G',196,82,'1993-10-27','C001',1,0),
 ('J020',4,'James Chester','W001','D',180,72,'1989-01-23','W002',1,0),
 ('J021',19,'James Collins','W001','D',188,90,'1983-08-23','W003',1,0),
 ('J022',59,'James Demetriou','A003','F',175,76,'1995-08-14','S004',1,0),
 ('J023',61,'James Horsfield','E003','M',178,70,'1995-11-30','M001',1,0),
 ('J024',18,'James McArthur','S003','M',168,63,'1987-10-07','C002',1,0),
 ('J025',16,'James McCarthy','R001','M',180,72,'1990-11-12','E001',1,0),
 ('J026',14,'James McClean','R001','M',180,70,'1989-04-22','W002',1,0),
 ('J027',7,'James Milner','E003','M',170,67,'1986-01-04','L002',1,0),
 ('J028',7,'James Morrison','S003','M',178,64,'1986-05-25','W002',1,0),
 ('J029',5,'James Tomkins','E003','D',190,74,'1989-03-29','W003',1,0),
 ('J030',16,'James Ward-Prowse','E003','M',173,66,'1994-11-01','S001',1,0),
 ('J031',47,'James Weir','E003','M',177,71,'1995-08-04','M002',1,0),
 ('J032',19,'James Wilson','E003','F',184,78,'1995-12-01','M002',1,0),
 ('J033',42,'Jamie Sterry','E003','D',180,70,'1995-11-21','N001',1,0),
 ('J034',9,'Jamie Vardy','E003','F',178,76,'1987-01-11','L001',1,0),
 ('J035',27,'Jan Kirchhoff','G002','D',193,78,'1990-10-01','S003',1,0),
 ('J036',5,'Jan Vertonghen','B001','D',189,79,'1987-04-24','T001',1,0),
 ('J037',32,'Janoi Donacien','S002','D',183,75,'1993-11-03','A002',0,0),
 ('J038',28,'Jason Denayer','B001','D',184,70,'1995-06-28','M001',0,0),
 ('J039',32,'Jason McCarthy','E003','D',186,80,'1995-11-07','S001',0,0),
 ('J040',42,'Jason Puncheon','E003','M',173,71,'1986-06-26','C002',1,0),
 ('J041',14,'Javier Hernndez','M003','F',172,62,'1988-06-01','M002',0,0),
 ('J042',56,'Jay Fulton','S003','M',178,68,'1994-04-04','S004',1,0),
 ('J043',9,'Jay Rodriguez','E003','F',185,70,'1989-07-29','S001',1,0),
 ('J044',13,'Jed Steer','E003','G',188,89,'1992-09-23','A002',0,0),
 ('J045',54,'Jeff Reine-Adelaide','F002','M',184,75,'1998-01-17','A001',1,0),
 ('J046',20,'Jefferson Montero','E001','M',170,70,'1989-09-01','S004',1,0),
 ('J047',15,'Jeffrey Schlupp','G003','F',178,72,'1992-12-23','L001',1,0),
 ('J048',36,'Jerell Sellars','E003','F',173,73,'1995-04-28','A002',1,0),
 ('J049',17,'Jeremain Lens','N001','F',178,80,'1987-11-24','S003',1,0),
 ('J050',18,'Jermain Defoe','E003','F',169,65,'1982-10-07','S003',1,0),
 ('J051',48,'Jerome Sinclair','E003','F',173,79,'1996-09-20','L002',1,0),
 ('J052',35,'Jesse Lingard','E003','M',168,58,'1992-12-15','M002',1,0),
 ('J053',15,'Jesus Navas','S010','M',170,60,'1985-11-21','M001',1,0),
 ('J054',36,'Jindrich Stanek','C010','G',192,84,'1996-04-27','E001',1,0),
 ('J055',53,'Joao Carlos','P002','M',167,66,'1993-01-18','L002',1,0),
 ('J056',82,'Joao Virginia','P002','G',190,80,'1999-10-10','A001',1,0),
 ('J057',24,'Joe Allen','W001','M',168,62,'1990-03-14','L002',1,0),
 ('J058',33,'Joe Bennett','E003','D',177,74,'1990-03-28','B001',0,0),
 ('J059',12,'Joe Cole','E003','M',176,73,'1981-11-08','A002',0,0),
 ('J060',36,'Joe Dodoo','E003','F',183,70,'1995-06-01','L001',1,0),
 ('J061',12,'Joe Gomez','E003','D',185,77,'1997-05-23','L002',1,0),
 ('J062',1,'Joe Hart','E003','G',191,80,'1987-04-19','M001',1,0),
 ('J063',28,'Joe Ledley','W001','M',183,73,'1987-01-23','C002',1,0),
 ('J064',57,'Joe Maguire','E003','D',179,70,'1996-01-18','L002',1,0),
 ('J065',49,'Joe Riley','E003','M',176,69,'1996-12-06','M002',1,0),
 ('J066',61,'Joe Rodon','W001','D',181,83,'1997-10-22','S004',1,0),
 ('J067',41,'Joe Ward','E003','F',183,77,'1996-09-27','W002',1,0),
 ('J068',46,'Joe Williams','E003','M',178,66,'1995-12-08','E001',1,0),
 ('J069',81,'Joe Willock','E003','M',172,70,'1999-08-20','A001',1,0),
 ('J070',28,'Joel Campbell','C006','F',178,70,'1992-06-26','A001',1,0),
 ('J071',40,'Joel Castro Pereira','S012','G',188,82,'1996-06-28','M002',1,0),
 ('J072',6,'Joel Ekstrand','S011','M',188,77,'1989-02-04','W001',1,0),
 ('J073',1,'Joel Robles','S010','G',195,85,'1990-06-17','E001',1,0),
 ('J074',2,'Joel Ward','E003','D',188,76,'1989-10-29','C002',1,0),
 ('J075',17,'Joey O\'Brien','R001','D',180,69,'1986-02-17','W003',1,0),
 ('J076',16,'John O\'Shea','R001','D',190,75,'1981-04-30','S003',1,0),
 ('J077',1,'John Ruddy','E003','G',196,97,'1986-10-24','N002',1,0),
 ('J078',5,'John Stones','E003','D',188,70,'1994-05-28','E001',1,0),
 ('J079',26,'John Terry','E003','D',186,91,'1980-12-07','C001',1,0),
 ('J080',41,'Johnny Maddison','E003','G',183,76,'1994-09-04','L001',1,0),
 ('J081',16,'Joleon Lescott','E003','D',188,83,'1982-08-16','A002',1,0),
 ('J082',38,'Jon Flanagan','E003','D',181,79,'1993-01-21','L002',1,0),
 ('J083',3,'Jonas Olsson','S011','D',195,85,'1983-03-10','W002',1,0),
 ('J084',8,'Jonathan Howson','E003','M',180,77,'1988-05-21','N002',1,0),
 ('J085',45,'Jonathan Leko','E003','F',182,75,'1999-04-24','W002',1,0),
 ('J086',19,'Jonathan Walters','R001','F',183,79,'1983-09-20','S002',1,0),
 ('J087',20,'Jonathan Williams','W001','M',168,60,'1993-10-09','C002',1,0),
 ('J088',12,'Jonjo Shelvey','E003','M',183,70,'1992-02-27','N001',1,0),
 ('J089',43,'Jonjoe Kenny','E003','D',176,67,'1997-03-15','E001',1,0),
 ('J090',6,'Jonny Evans','N004','D',188,77,'1988-01-02','W002',1,0),
 ('J091',23,'Jordan Amavi','F002','D',176,70,'1994-03-09','A002',1,0),
 ('J092',19,'Jordan Ayew','G003','F',182,81,'1991-09-11','A002',1,0),
 ('J093',46,'Jordan Green','E003','F',180,79,'1995-02-22','B001',1,0),
 ('J094',14,'Jordan Henderson','E003','M',182,67,'1990-06-17','L002',1,0),
 ('J095',47,'Jordan Lee','E003','D',178,78,'1996-12-31','B001',1,0),
 ('J096',38,'Jordan Lyden','A003','M',175,72,'1997-01-01','A002',1,0),
 ('J097',77,'Jordan Perrin','E003','G',182,85,'1999-09-17','A001',1,0),
 ('J098',13,'Jordan Pickford','E003','G',185,77,'1994-03-07','S003',1,0),
 ('J099',46,'Jordan Rossiter','E003','M',172,68,'1997-03-24','L002',1,0),
 ('J100',36,'Jordan Turnbull','E003','D',185,72,'1994-10-30','S001',0,0),
 ('J101',17,'Jordan Veretout','F002','M',176,66,'1993-03-01','A002',1,0),
 ('J102',2,'Jordi Amat','S010','D',184,80,'1992-03-21','S004',1,0),
 ('J103',14,'Jordi Gmez','S010','M',178,74,'1985-05-24','S003',0,0),
 ('J104',72,'Jordi Osei-Tutu','E003','D',179,80,'1998-10-02','A001',1,0),
 ('J105',33,'Jordon Ibe','E003','M',175,70,'1995-12-08','L002',1,0),
 ('J106',22,'Jordon Mutch','E003','M',175,65,'1991-12-02','C002',1,0),
 ('J107',4,'Jordy Clasie','N001','M',169,68,'1991-06-27','S001',1,0),
 ('J108',30,'Jorell Johnson','E003','D',185,75,'1996-01-02','W001',1,0),
 ('J109',5,'Jores Okore','D001','D',183,80,'1992-08-11','A002',1,0),
 ('J110',65,'Jorge Intima','P002','M',171,64,'1995-09-21','M001',1,0),
 ('J111',33,'Jose Angel Crespo','S010','D',183,72,'1987-02-09','A002',0,0),
 ('J112',78,'Jose Angel Pozo','S010','F',170,60,'1996-03-15','M001',0,0),
 ('J113',3,'Jose Enrique','S010','D',184,82,'1986-01-23','L002',1,0),
 ('J114',6,'Jose Fonte','P002','D',187,81,'1983-12-22','S001',1,0),
 ('J115',25,'Jose Holebas','G004','D',184,79,'1984-06-27','W001',1,0),
 ('J116',7,'Jose Manuel Jurado','S010','M',173,72,'1986-06-29','W001',1,0),
 ('J117',33,'Jose Salomon Rondon','V001','F',190,86,'1989-09-16','W002',1,0),
 ('J118',69,'Jose Tasende','S010','D',170,68,'1997-01-04','M001',1,0),
 ('J119',11,'Joselu','S010','F',191,79,'1990-03-27','S002',1,0),
 ('J120',79,'Josh Benson','E003','M',180,87,'1999-12-05','A001',1,0),
 ('J121',39,'Josh Cullen','R001','M',175,70,'1996-04-07','W003',1,0),
 ('J122',64,'Josh Dasilva','E003','F',180,80,'1998-10-23','A001',1,0),
 ('J123',35,'Josh Debayo','E003','D',183,68,'1996-10-17','S001',1,0),
 ('J124',35,'Josh Doherty','N004','D',179,70,'1996-03-15','W001',1,0),
 ('J125',48,'Josh Robson','E003','D',180,73,'1998-02-03','S003',1,0),
 ('J126',30,'Josh Sheehan','W001','M',184,75,'1995-03-30','S004',1,0),
 ('J127',39,'Josh Sims','E003','M',174,67,'1997-03-28','S001',1,0),
 ('J128',29,'Josh Vickers','E003','G',183,72,'1995-12-01','S004',1,0),
 ('J129',48,'Josh Wakefield','E003','M',180,72,'1993-11-06','B001',1,0),
 ('J130',17,'Joshua King','N005','F',180,74,'1992-01-15','B001',1,0),
 ('J131',25,'Joshua Onomah','E003','M',180,64,'1997-04-27','T001',1,0),
 ('J132',14,'Juan Carlos Paredes','E001','D',174,71,'1987-07-08','W001',1,0),
 ('J133',11,'Juan Cuadrado','C004','M',176,66,'1988-05-26','C001',0,0),
 ('J134',12,'Juan Manuel Iturbe','A002','F',172,64,'1993-06-04','B001',1,0),
 ('J135',8,'Juan Mata','S010','F',170,63,'1988-04-28','M002',1,0),
 ('J136',20,'Juanmi','S010','F',169,63,'1993-05-20','S001',1,0),
 ('J137',1,'Julin Speroni','A002','G',186,87,'1979-05-18','C002',1,0),
 ('J138',53,'Julio Pleguezuelo','S010','D',175,70,'1997-01-26','A001',1,0),
 ('J139',19,'Junior Stanislas','E003','M',183,76,'1989-11-26','B001',1,0),
 ('K001',26,'Karl Darlow','E003','G',185,79,'1990-10-08','N001',1,0),
 ('K002',1,'Kasper Schmeichel','D001','G',181,78,'1986-11-05','L001',1,0),
 ('K003',42,'Kaylen Hinds','E003','F',180,78,'1998-01-28','A001',1,0),
 ('K004',52,'Kean Bryan','E003','M',185,86,'1996-11-01','M001',1,0),
 ('K005',45,'Keinan Davies','E003','M',168,68,'1998-06-01','A002',1,0),
 ('K006',72,'Kelechi Iheanacho','N003','F',187,77,'1996-10-03','M001',1,0),
 ('K007',1,'Kelvin Davis','E003','G',185,88,'1976-09-29','S001',1,0),
 ('K008',16,'Kenedy','B004','F',181,77,'1996-02-08','C001',1,0),
 ('K009',46,'Kenji Gorr','N001','F',177,71,'1994-09-29','S004',1,0),
 ('K010',57,'Keston Davies','W001','D',188,83,'1996-10-02','S004',1,0),
 ('K011',17,'Kevin De Bruyne','B001','M',180,68,'1991-06-28','M001',1,0),
 ('K012',43,'Kevin Mbabu','S012','D',184,80,'1995-04-19','N001',1,0),
 ('K013',11,'Kevin Mirallas','B001','F',178,72,'1987-10-05','E001',1,0),
 ('K014',4,'Kevin Nolan','E003','M',183,89,'1982-06-24','W003',0,0),
 ('K015',35,'Kevin Stewart','E003','M',171,73,'1993-09-07','L002',1,0),
 ('K016',27,'Kevin Wimmer','A004','D',187,85,'1992-11-15','T001',1,0),
 ('K017',4,'Ki Sung-Yueng','S009','M',187,79,'1989-01-24','S004',1,0),
 ('K018',51,'Kieran Dowell','E003','M',175,59,'1997-10-10','E001',1,0),
 ('K019',3,'Kieran Gibbs','E003','D',180,70,'1989-09-26','A001',1,0),
 ('K020',18,'Kieran Richardson','E003','M',179,74,'1984-10-21','A002',1,0),
 ('K021',16,'Kieran Trippier','E003','D',178,71,'1990-09-19','T001',1,0),
 ('K022',60,'Kjetil Haug','N005','G',178,75,'1998-06-12','M001',1,0),
 ('K023',4,'Kolo Toure','I003','D',183,76,'1981-03-19','L002',1,0),
 ('K024',73,'Kostas Pileas','C009','D',175,73,'1998-12-11','A001',1,0),
 ('K025',13,'Kristoffer Nordfeldt','S011','G',190,85,'1989-06-23','S004',1,0),
 ('K026',39,'Kristopher da Graca','S011','D',190,72,'1998-01-16','A001',1,0),
 ('K027',37,'Krystian Bielik','P001','M',189,78,'1998-01-04','A001',1,0),
 ('K028',5,'Kurt Zouma','F002','D',187,85,'1994-10-27','C001',1,0),
 ('K029',27,'Kyle Bartley','E003','D',180,70,'1991-05-22','S004',1,0),
 ('K030',41,'Kyle Copp','W001','M',179,75,'1996-11-01','S004',1,0),
 ('K031',42,'Kyle Edwards','E003','M',172,64,'1998-02-17','W002',1,0),
 ('K032',45,'Kyle Knoyle','E003','D',177,63,'1996-09-24','W003',0,0),
 ('K033',19,'Kyle Lafferty','N004','F',193,70,'1987-09-16','N002',1,0),
 ('K034',26,'Kyle Naughton','E003','D',180,73,'1988-11-11','S004',1,0),
 ('K035',2,'Kyle Walker','E003','D',178,73,'1990-05-28','T001',1,0),
 ('L001',23,'Lamine Kone','I003','D',186,83,'1989-02-01','S003',1,0),
 ('L002',6,'Laurent Koscielny','F002','D',186,75,'1985-09-10','A001',1,0),
 ('L003',50,'Lazar Markovi?','S005','M',172,60,'1994-03-02','L002',0,0),
 ('L004',7,'Leandro Bacuna','N001','M',187,77,'1991-08-21','A002',1,0),
 ('L005',28,'Leandro Rodrguez','U002','F',179,70,'1992-11-19','E001',1,0),
 ('L006',6,'Lee Cattermole','E003','M',178,76,'1988-03-21','S003',1,0),
 ('L007',14,'Lee Chung-Yong','S009','M',180,69,'1988-07-02','C002',1,0),
 ('L008',31,'Lee Lucas','W001','M',180,74,'1992-06-10','S004',1,0),
 ('L009',24,'Lee Tomlin','E003','F',180,74,'1989-01-12','B001',0,0),
 ('L010',3,'Leighton Baines','E003','D',170,75,'1984-12-11','E001',1,0),
 ('L011',7,'Leon Britton','E003','M',168,64,'1982-09-16','S004',1,0),
 ('L012',21,'Leon Osman','E003','M',173,62,'1981-05-17','E001',1,0),
 ('L013',23,'Leonardo Ulloa','A002','F',185,75,'1986-07-26','L001',1,0),
 ('L014',8,'Leroy Fer','N001','M',188,79,'1990-01-05','S004',1,0),
 ('L015',28,'Lewis Grabban','E003','F',183,71,'1988-01-12','B001',1,0),
 ('L016',26,'Lewis Kinsella','E003','D',175,70,'1994-09-02','A002',1,0),
 ('L017',37,'Lewis Page','E003','D',178,72,'1996-05-20','W003',1,0),
 ('L018',60,'Lewis Thomas','W001','G',179,76,'1997-09-20','S004',1,0),
 ('L019',42,'Liam Agnew','E003','M',178,72,'1995-04-11','S003',1,0),
 ('L020',4,'Liam Bridcutt','S003','M',175,73,'1989-05-08','S003',0,0),
 ('L021',35,'Liam Gibson','E003','D',185,80,'1997-04-25','N001',1,0),
 ('L022',18,'Liam Moore','E003','D',186,86,'1993-01-31','L001',1,0),
 ('L023',20,'Liam O\'Neil','E003','D',180,80,'1993-07-31','W002',0,0),
 ('L024',32,'Liam Shephard','W001','D',178,67,'1994-11-22','S004',1,0),
 ('L025',52,'Liam Walsh','E003','M',178,66,'1997-09-15','E001',1,0),
 ('L026',27,'Libor Kozak','C010','F',193,82,'1989-05-30','A002',1,0),
 ('L027',33,'Lloyd Dyer','E003','M',173,64,'1982-09-13','W001',0,0),
 ('L028',27,'Lloyd Isgrove','W001','M',178,72,'1993-01-12','S001',0,0),
 ('L029',18,'Loic Remy','F002','F',184,76,'1987-01-02','C001',1,0),
 ('L030',33,'Louis Thompson','W001','M',180,75,'1994-12-19','N002',0,0),
 ('L031',37,'Lubomir Satka','S006','D',185,72,'1995-12-02','N001',1,0),
 ('L032',21,'Lucas Leiva','B004','M',179,74,'1987-01-09','L002',1,0),
 ('L033',25,'Luis Antonio Valencia','E001','M',181,78,'1985-08-04','M002',1,0),
 ('L034',1,'Lukasz Fabianski','P001','G',190,84,'1985-04-18','S004',1,0),
 ('L035',44,'Luke Croll','E003','D',185,76,'1995-01-10','C002',1,0),
 ('L036',31,'Luke McGee','E003','G',188,80,'1995-09-02','T001',1,0),
 ('L037',23,'Luke Shaw','E003','D',183,75,'1995-07-12','M002',1,0),
 ('L038',46,'Lynden Gooch','U001','F',173,69,'1995-12-24','S003',1,0),
 ('M001',22,'Maarten Stekelenburg','N001','G',197,92,'1982-09-22','S001',1,0),
 ('M002',38,'Mahlondo Martin','E003','M',183,87,'1996-10-15','W001',1,0),
 ('M003',32,'Maksymilian Stryjek','P001','G',188,81,'1996-07-18','S003',1,0),
 ('M004',17,'Mamadou Sakho','F002','D',187,83,'1990-02-13','L002',1,0),
 ('M005',18,'Mame Biram Diouf','S004','F',185,76,'1987-12-16','S002',1,0),
 ('M006',76,'Manuel Garca','S010','M',179,79,'1998-01-02','M001',1,0),
 ('M007',28,'Manuel Lanzini','A002','M',169,64,'1993-02-15','W003',1,0),
 ('M008',11,'Marc Albrighton','E003','M',175,67,'1989-11-18','L001',1,0),
 ('M009',61,'Marc Bola','E003','D',185,82,'1997-12-09','A001',1,0),
 ('M010',5,'Marc Muniesa','S010','D',180,77,'1992-03-27','S002',1,0),
 ('M011',7,'Marc Pugh','E003','M',180,72,'1987-04-02','B001',1,0),
 ('M012',12,'Marc Wilson','R001','D',188,80,'1987-08-17','S002',1,0),
 ('M013',27,'Marcin Wasilewski','P001','D',186,88,'1980-06-09','L001',1,0),
 ('M014',32,'Marco Amelia','I002','G',190,90,'1982-04-02','C001',1,0),
 ('M015',15,'Marco van Ginkel','N001','M',180,67,'1992-12-01','S002',0,0),
 ('M016',64,'Marcos Lopes','P002','M',174,68,'1995-12-28','M001',0,0),
 ('M017',5,'Marcos Rojo','A002','D',187,82,'1990-03-20','M002',1,0),
 ('M018',60,'Marcus Agyei-Tabi','E003','M',176,79,'1999-02-02','A001',1,0),
 ('M019',47,'Marcus Barnes','E003','F',185,72,'1996-12-01','S001',1,0),
 ('M020',41,'Marcus Browne','E003','M',179,74,'1997-12-18','W003',1,0),
 ('M021',39,'Marcus Rashford','E003','F',180,70,'1997-10-31','M002',1,0),
 ('M022',71,'Marcus Wood','E003','M',180,81,'1998-02-12','M001',1,0),
 ('M023',45,'Mario Balotelli','I002','F',189,88,'1990-08-12','L002',0,0),
 ('M024',4,'Mario Suarez','S010','M',185,77,'1987-02-24','W001',1,0),
 ('M025',31,'Mark Bunn','E003','G',183,77,'1984-11-16','A002',1,0),
 ('M026',16,'Mark Noble','E003','M',180,76,'1987-05-08','W003',1,0),
 ('M027',32,'Mark Schwarzer','A003','G',194,85,'1972-10-06','L001',1,0),
 ('M028',41,'Mark Waddington','E003','M',183,66,'1996-10-11','S002',1,0),
 ('M029',10,'Marko Arnautovic','A004','F',192,83,'1989-04-19','S002',1,0),
 ('M030',29,'Marouane Chamakh','M004','F',185,70,'1984-01-10','C002',1,0),
 ('M031',27,'Marouane Fellaini','B001','M',194,85,'1987-11-22','M002',1,0),
 ('M032',26,'Martin Demichelis','A002','D',184,78,'1980-12-20','M001',1,0),
 ('M033',34,'Martin Kelly','E003','D',191,77,'1990-04-27','C002',1,0),
 ('M034',23,'Martin Olsson','S011','D',178,81,'1988-05-17','N002',1,0),
 ('M035',42,'Martin Samuelsen','N005','M',189,72,'1997-04-17','W003',0,0),
 ('M036',37,'Martin Skrtel','S006','D',191,81,'1984-12-15','L002',1,0),
 ('M037',40,'Martin Smith','E003','M',178,70,'1996-01-25','S003',1,0),
 ('M038',11,'Marvin Emnes','N001','F',180,66,'1988-05-27','S004',1,0),
 ('M039',30,'Mason Holgate','E003','M',181,63,'1996-10-22','E001',1,0),
 ('M040',19,'Massadio Haidara','F002','D',179,75,'1992-12-02','N001',1,0),
 ('M041',10,'Mat?j Vydra','C010','F',180,73,'1992-05-01','W001',0,0),
 ('M042',56,'Mateusz Hewelt','P001','G',182,75,'1996-09-23','E001',1,0),
 ('M043',48,'Mathias Bossaerts','B001','D',184,76,'1996-07-10','M001',1,0),
 ('M044',2,'Mathieu Debuchy','F002','D',177,74,'1985-07-28','A001',0,0),
 ('M045',20,'Mathieu Flamini','F002','M',178,67,'1984-03-07','A001',1,0),
 ('M046',36,'Matt Butcher','E003','M',178,83,'1997-05-14','B001',1,0),
 ('M047',21,'Matt Grimes','E003','M',178,70,'1995-07-15','S004',1,0),
 ('M048',49,'Matt Macey','E003','G',198,81,'1994-09-09','A001',1,0),
 ('M049',20,'Matt Miazga','U001','D',190,84,'1995-07-19','C001',1,0),
 ('M050',30,'Matt Ritchie','S003','M',173,70,'1989-09-10','B001',1,0),
 ('M051',33,'Matt Targett','E003','D',183,70,'1995-09-18','S001',1,0),
 ('M052',36,'Matteo Darmian','I002','D',182,70,'1989-12-02','M002',1,0),
 ('M053',8,'Matthew James','E003','M',178,74,'1991-07-22','L001',1,0),
 ('M054',16,'Matthew Jarvis','E003','M',173,70,'1986-05-22','N002',1,0),
 ('M055',38,'Matthew Pennington','E003','D',185,77,'1994-10-06','E001',1,0),
 ('M056',10,'Mauro Zarate','A002','F',176,76,'1987-03-18','W003',0,0),
 ('M057',10,'Max Gradel','I003','F',180,70,'1987-11-30','B001',1,0),
 ('M058',3,'Maya Yoshida','J002','D',186,78,'1988-08-24','S001',1,0),
 ('M059',30,'Mehdi Abeid','A001','M',178,77,'1992-08-06','N001',0,0),
 ('M060',7,'Memphis Depay','N001','F',170,65,'1994-02-13','M002',1,0),
 ('M061',11,'Mesut Oezil','G002','M',182,73,'1988-10-15','A001',1,0),
 ('M062',4,'Micah Richards','E003','D',180,83,'1988-06-24','A002',1,0),
 ('M063',16,'Michael Carrick','E003','M',186,74,'1981-07-28','M002',1,0),
 ('M064',26,'Michael Turner','E003','D',193,85,'1983-11-09','N002',0,0),
 ('M065',6,'Michael Williamson','E003','D',191,84,'1983-11-08','N001',0,0),
 ('M066',30,'Michail Antonio','E003','M',180,82,'1990-03-28','W003',1,0),
 ('M067',13,'Michel Vorm','N001','G',183,84,'1983-10-20','T001',1,0),
 ('M068',3,'Miguel Angel Britos','U002','D',188,82,'1985-07-17','W001',1,0),
 ('M069',19,'Miguel Layn','M003','D',178,61,'1988-06-25','W001',0,0),
 ('M070',38,'Mikael Mandron','S003','F',191,82,'1994-10-11','S003',1,0),
 ('M071',8,'Mikel Arteta','S010','M',175,69,'1982-03-26','A001',1,0),
 ('M072',12,'Mikel John Obi','N003','M',184,85,'1987-04-22','C001',1,0),
 ('M073',15,'Mile Jedinak','A003','M',189,88,'1984-08-03','C002',1,0),
 ('M074',33,'Mitchell Beeney','E003','G',182,78,'1995-10-03','C001',1,0),
 ('M075',20,'Modibo Maiga','M002','F',185,76,'1986-09-03','W003',0,0),
 ('M076',58,'Modou Barrow','G002','F',176,63,'1992-10-13','S004',1,0),
 ('M077',30,'Moha','M004','F',180,73,'1996-01-13','S002',1,0),
 ('M078',35,'Mohamed Elneny','E002','M',180,70,'1992-07-11','A001',1,0),
 ('M079',18,'Morgan Amalfitano','F002','M',176,68,'1985-03-20','W003',0,0),
 ('M080',28,'Morgan Schneiderlin','F002','M',181,75,'1989-11-08','M002',1,0),
 ('M081',19,'Mousa Dembele','B001','M',177,70,'1987-07-17','T001',1,0),
 ('M082',7,'Moussa Sissoko','F002','M',187,83,'1989-08-16','N001',1,0),
 ('M083',17,'Muhamed Besic','B003','M',177,75,'1992-09-10','E001',1,0),
 ('N001',6,'Nabil Bentaleb','A001','M',187,68,'1994-11-24','T001',1,0),
 ('N002',22,'Nacer Chadli','B001','M',187,80,'1989-08-02','T001',1,0),
 ('N003',18,'Nacho Monreal','S010','D',178,72,'1986-02-26','A001',1,0),
 ('N004',16,'Nathan Ake','N001','D',180,71,'1995-02-18','W001',1,0),
 ('N005',2,'Nathan Baker','E003','D',191,80,'1991-04-23','A002',0,0),
 ('N006',24,'Nathan Dyer','E003','M',165,57,'1987-11-29','L001',1,0),
 ('N007',22,'Nathan Redmond','E003','M',173,75,'1994-03-06','N002',1,0),
 ('N008',74,'Nathan Tella','E003','M',175,75,'1999-07-05','A001',1,0),
 ('N009',29,'Nathaniel Chalobah','E003','D',185,75,'1994-12-12','C001',0,0),
 ('N010',2,'Nathaniel Clyne','E003','D',175,67,'1991-04-05','L002',1,0),
 ('N011',3,'Neil Taylor','W001','D',175,64,'1989-02-07','S004',1,0),
 ('N012',21,'Nemanja Matic','S005','M',194,82,'1988-08-01','C001',1,0),
 ('N013',14,'Ngolo Kante','F002','M',170,70,'1991-03-29','L001',1,0),
 ('N014',42,'Niall Mason','E003','D',180,78,'1997-01-10','A002',1,0),
 ('N015',22,'Nick Powell','E003','M',183,66,'1994-03-23','M002',0,0),
 ('N016',30,'Nicolas Otamendi','A002','D',178,75,'1988-02-12','M001',1,0),
 ('N017',26,'Nikica Jelavic','C007','F',188,88,'1985-08-27','W003',0,0),
 ('N018',11,'Nordin Amrabat','M004','M',179,79,'1987-03-31','W001',1,0),
 ('O001',10,'Obbi Oulare','B001','F',196,96,'1996-01-08','W001',1,0),
 ('O002',24,'Odion Ighalo','N003','F',188,70,'1989-06-16','W001',1,0),
 ('O003',34,'Ola Aina','E003','D',175,65,'1996-10-08','C001',1,0),
 ('O004',20,'Ola Toivonen','S011','F',190,74,'1986-07-03','S003',1,0),
 ('O005',42,'Oliver Davies','W001','G',184,76,'1994-12-31','S004',1,0),
 ('O006',62,'Oliver McBurnie','E003','F',188,64,'1996-06-04','S004',1,0),
 ('O007',34,'Oliver Shenton','E003','M',186,77,'1997-11-06','S002',1,0),
 ('O008',12,'Olivier Giroud','F002','F',192,88,'1986-09-30','A001',1,0),
 ('O009',40,'Olivier Kemen','F002','M',177,78,'1996-07-20','N001',0,0),
 ('O010',14,'Oriol Romeu','S010','M',182,79,'1991-09-24','S001',1,0),
 ('O011',8,'Oscar','B004','M',179,66,'1991-09-09','C001',1,0),
 ('O012',14,'Oumar Niasse','S004','F',188,75,'1990-04-18','E001',1,0),
 ('O013',39,'Owain Jones','W001','F',179,74,'1996-10-01','S004',1,0),
 ('P001',50,'Pablo Maffeo','S010','D',173,68,'1997-07-12','M001',0,0),
 ('P002',5,'Pablo Zabaleta','A002','D',174,74,'1985-01-16','M001',1,0),
 ('P003',33,'Paddy McNair','N004','D',183,71,'1995-04-27','M002',1,0),
 ('P004',23,'Pape N\'Diaye Souare','S004','D',178,68,'1990-06-06','C002',1,0),
 ('P005',9,'Papiss Demba Cisse','S004','F',183,73,'1985-06-03','N001',1,0),
 ('P006',15,'Papy Djilobodji','S004','D',193,82,'1988-12-01','C001',0,0),
 ('P007',11,'Patrick Bamford','E003','F',185,75,'1993-09-05','N002',1,0),
 ('P008',5,'Patrick McCarthy','R001','D',185,80,'1983-05-31','C002',1,0),
 ('P009',27,'Patrick Roberts','E003','F',167,58,'1997-02-05','M001',0,0),
 ('P010',3,'Patrick van Aanholt','N001','D',175,67,'1990-08-29','S003',1,0),
 ('P011',3,'Paul Dummett','W001','D',178,65,'1991-09-26','N001',1,0),
 ('P012',25,'Paulo Gazzaniga','A002','G',196,90,'1992-01-02','S001',1,0),
 ('P013',17,'Pedro','S010','F',169,64,'1987-07-28','C001',1,0),
 ('P014',68,'Pedro Chirivella','S010','M',178,66,'1997-05-23','L002',1,0),
 ('P015',14,'Pedro Mba Obiang','S010','M',185,75,'1992-03-27','W003',1,0),
 ('P016',4,'Per Mertesacker','G002','D',198,90,'1984-09-29','A001',1,0),
 ('P017',25,'Peter Crouch','E003','F',201,80,'1981-01-30','S002',1,0),
 ('P018',9,'Peter Odemwingie','N003','F',182,74,'1981-07-15','S002',1,0),
 ('P019',33,'Petr Cech','C010','G',196,90,'1982-05-20','A001',1,0),
 ('P020',6,'Phil Jagielka','E003','D',183,83,'1982-08-17','E001',1,0),
 ('P021',4,'Phil Jones','E003','D',180,71,'1992-02-21','M002',1,0),
 ('P022',26,'Philipp Wollscheid','G002','D',194,84,'1989-03-06','S002',1,0),
 ('P023',10,'Philippe Coutinho','B004','M',171,68,'1992-06-12','L002',1,0),
 ('P024',14,'Philippe Senderos','S012','D',190,84,'1985-02-14','A002',0,0),
 ('P025',2,'Phillip Bardsley','S003','D',179,74,'1985-06-28','S002',1,0),
 ('R001',9,'Radamel Falcao Garcia','C004','F',177,72,'1986-02-10','C001',1,0),
 ('R002',55,'Raheem Hanley','E003','D',173,70,'1994-03-24','S004',1,0),
 ('R003',7,'Raheem Sterling','E003','M',170,69,'1994-12-08','M001',1,0),
 ('R004',7,'Ramires','B004','M',179,65,'1987-03-24','C001',0,0),
 ('R005',25,'Ramiro Funes Mori','A002','D',185,74,'1991-05-03','E001',1,0),
 ('R006',34,'RaphaelSpiegel','S012','G',196,88,'1992-12-19','W003',1,0),
 ('R007',32,'Reece Burke','E003','D',189,81,'1996-09-02','W003',1,0),
 ('R008',35,'Reece Oxford','E003','D',190,71,'1998-12-16','W003',1,0),
 ('R009',37,'Rees Greenwood','E003','F',173,68,'1996-01-02','S003',1,0),
 ('R010',41,'Regan Poole','W001','D',180,70,'1998-06-18','M002',1,0),
 ('R011',76,'Reiss Nelson','E003','F',175,68,'1999-12-10','A001',1,0),
 ('R012',20,'Remy Cabella','F002','M',171,62,'1990-03-08','N001',0,0),
 ('R013',13,'Rene Gilmartin','R001','G',196,85,'1987-05-31','W001',1,0),
 ('R014',0,'Rhoys Wiggins','W001','D',173,72,'1987-11-04','B001',1,0),
 ('R015',29,'Richard Wright','E003','G',187,82,'1977-11-05','M001',1,0),
 ('R016',17,'Rickie Lambert','E003','F',188,77,'1982-02-16','W002',1,0),
 ('R017',29,'Ricky van Wolfswinkel','N001','F',185,69,'1989-01-27','N002',0,0),
 ('R018',2,'Ritchie De Laet','B001','D',186,77,'1988-11-28','L001',0,0),
 ('R019',26,'Riyad Mahrez','A001','M',178,62,'1991-02-21','L001',1,0),
 ('R020',78,'Rob Howard','E003','D',184,74,'1999-09-15','A001',0,0),
 ('R021',12,'Robbie Brady','R001','M',175,69,'1992-01-14','N002',1,0),
 ('R022',21,'Robert Elliot','R001','G',190,98,'1986-04-30','N001',1,0),
 ('R023',6,'Robert Huth','G002','D',191,88,'1984-08-18','L001',1,0),
 ('R024',11,'Roberto Firmino','B004','M',180,76,'1991-10-02','L002',1,0),
 ('R025',9,'Roberto Soldado','S010','F',179,81,'1985-05-27','T001',0,0),
 ('R026',16,'Rolando Aarons','E003','M',175,67,'1995-11-16','N001',1,0),
 ('R027',10,'Romelu Lukaku','B001','F',190,94,'1993-05-13','E001',1,0),
 ('R028',20,'Ross Barkley','E003','M',189,76,'1993-12-05','E001',1,0),
 ('R029',36,'Ruben Loftus-Cheek','E003','M',193,71,'1996-01-23','C001',1,0),
 ('R030',39,'Rudy Gestede','B002','F',193,86,'1988-10-10','A002',1,0),
 ('R031',29,'Rushian Hepburn-Murphy','E003','F',173,59,'1998-09-19','A002',1,0),
 ('R032',45,'Russell Griffiths','E003','G',188,85,'1996-04-13','E001',1,0),
 ('R033',5,'Russell Martin','S003','D',183,74,'1986-01-04','N002',1,0),
 ('R034',21,'Ryan Allsop','E003','G',188,80,'1992-06-17','B001',0,0),
 ('R035',24,'Ryan Bennett','E003','D',188,70,'1990-03-06','N002',1,0),
 ('R036',21,'Ryan Bertrand','E003','D',179,85,'1989-08-05','S001',1,0),
 ('R037',39,'Ryan Fulton','S003','G',191,80,'1996-05-23','L002',0,0),
 ('R038',50,'Ryan Hedges','W001','F',185,65,'1995-09-07','S004',1,0),
 ('R039',43,'Ryan Huddart','E003','G',196,94,'1997-03-06','A001',1,0),
 ('R040',40,'Ryan Kent','E003','M',172,65,'1996-11-11','L002',1,0),
 ('R041',42,'Ryan Ledson','E003','M',175,69,'1997-08-19','E001',1,0),
 ('R042',8,'Ryan Mason','E003','M',175,71,'1991-06-13','T001',1,0),
 ('R043',43,'Ryan McLaughlin','N004','D',174,69,'1994-09-03','L002',1,0),
 ('R044',45,'Ryan Seager','E003','F',176,75,'1996-02-05','S001',1,0),
 ('R045',17,'Ryan Shawcross','E003','D',183,76,'1987-10-04','S002',1,0),
 ('S001',10,'Sadio Mane','S004','M',175,69,'1992-04-10','S001',1,0),
 ('S002',18,'Saido Berahino','E003','F',180,82,'1993-08-04','W002',1,0),
 ('S003',22,'Sam Byram','E003','D',183,72,'1993-09-16','W003',1,0),
 ('S004',40,'Sam Byrne','R001','F',184,75,'1995-07-23','E001',1,0),
 ('S005',44,'Sam Evans','W001','M',176,79,'1995-05-12','S004',1,0),
 ('S006',40,'Sam Gallagher','E003','F',193,75,'1995-09-15','S001',1,0),
 ('S007',46,'Sam Howes','E003','G',190,85,'1997-11-10','W003',1,0),
 ('S008',50,'Sam Johnstone','E003','G',193,85,'1993-03-25','M002',1,0),
 ('S009',38,'Sam McQueen','E003','M',176,70,'1995-02-06','S001',0,0),
 ('S010',44,'Sam Surridge','E003','F',180,70,'1998-01-01','B001',1,0),
 ('S011',67,'Sam Tattum','W001','D',178,71,'1996-09-03','M001',1,0),
 ('S012',36,'Samed Ye?il','G002','F',178,72,'1994-05-25','L002',0,0),
 ('S013',8,'Samir Nasri','F002','M',177,75,'1987-06-26','M001',1,0),
 ('S014',30,'Sandro','B004','M',187,75,'1989-03-15','W002',1,0),
 ('S015',19,'Santi Cazorla','S010','M',168,66,'1984-12-13','A001',1,0),
 ('S016',70,'Savvas Mourgos','G004','M',175,71,'1998-03-16','A001',1,0),
 ('S017',6,'Scott Dann','E003','D',188,76,'1987-02-14','C002',1,0),
 ('S018',9,'Scott Sinclair','E003','M',175,64,'1989-03-25','A002',1,0),
 ('S019',23,'Seamus Coleman','R001','D',193,67,'1988-10-11','E001',1,0),
 ('S020',45,'Sean Goss','E003','M',177,71,'1995-10-01','M002',1,0),
 ('S021',22,'Sebastian Coates','U002','D',196,88,'1990-10-07','S003',0,0),
 ('S022',7,'Sebastian Larsson','S011','M',178,70,'1985-06-06','S003',1,0),
 ('S023',5,'Sebastian Proedl','A004','D',194,85,'1987-06-21','W001',1,0),
 ('S024',6,'Sebastien Bassong','C001','D',187,73,'1986-07-09','N002',1,0),
 ('S025',15,'Sebastien Pocognoli','B001','D',181,73,'1987-08-01','W002',1,0),
 ('S026',27,'Serge Gnabry','G002','M',173,73,'1995-07-14','A001',1,0),
 ('S027',10,'Sergio Aguero','A002','F',172,74,'1988-06-02','M001',1,0),
 ('S028',20,'Sergio Romero','A002','G',192,87,'1987-02-22','M002',1,0),
 ('S029',28,'Seydou Doumbia','I003','F',178,70,'1987-12-31','N001',1,0),
 ('S030',70,'Shamal George','E003','G',186,82,'1998-01-06','L002',1,0),
 ('S031',34,'Shane Ferguson','N004','D',180,67,'1991-07-12','N001',0,0),
 ('S032',7,'Shane Long','R001','F',178,71,'1987-01-22','S001',1,0),
 ('S033',46,'Shaun Donnellan','R001','D',183,64,'1997-05-22','W002',1,0),
 ('S034',16,'Shaun MacDonald','W001','M',185,76,'1988-06-17','B001',1,0),
 ('S035',24,'Shay Given','R001','G',188,84,'1976-04-20','S002',1,0),
 ('S036',39,'Shayon Harrison','E003','F',180,74,'1997-07-13','T001',1,0),
 ('S037',54,'Sheyi Ojo','E003','F',177,64,'1997-06-19','L002',1,0),
 ('S038',20,'Shinji Okazaki','J002','F',173,70,'1986-04-16','L001',1,0),
 ('S039',10,'Siem de Jong','N001','M',185,76,'1989-01-28','N001',1,0),
 ('S040',2,'Simon Francis','E003','D',183,79,'1985-02-16','B001',1,0),
 ('S041',22,'Simon Mignolet','B001','G',193,87,'1988-03-06','L002',1,0),
 ('S042',63,'Sinan Bytyqi','A004','M',185,82,'1995-01-15','M001',1,0),
 ('S043',7,'Son Heung-Min','S009','F',183,76,'1992-07-08','T001',1,0),
 ('S044',52,'Stefan OConnor','E003','D',186,78,'1997-01-23','A001',1,0),
 ('S045',29,'Stephane Sessegnon','B002','M',172,72,'1984-06-01','W002',1,0),
 ('S046',48,'Stephen Fallon','N004','M',180,74,'1997-03-03','S004',1,0),
 ('S047',33,'Stephen Hendrie','S003','D',178,70,'1995-01-08','W003',1,0),
 ('S048',7,'Stephen Ireland','R001','M',175,68,'1986-08-22','S002',1,0),
 ('S049',35,'Stephen Kingsley','S003','D',178,68,'1994-07-23','S004',1,0),
 ('S050',50,'Stephy Mavididi','E003','F',175,69,'1998-05-31','A001',1,0),
 ('S051',3,'Steve Cook','E003','D',185,82,'1991-04-19','B001',1,0),
 ('S052',33,'Steve Harper','E003','G',188,82,'1975-03-14','S003',1,0),
 ('S053',21,'Steve Sidwell','E003','M',178,70,'1982-12-14','S002',0,0),
 ('S054',20,'Steven Berghuis','N001','M',180,75,'1991-12-19','W001',1,0),
 ('S055',19,'Steven Caulker','E003','D',190,76,'1991-12-29','L002',1,0),
 ('S056',8,'Steven Davis','N004','M',179,72,'1985-01-01','S001',1,0),
 ('S057',26,'Steven Fletcher','S003','F',185,76,'1987-03-26','S003',0,0),
 ('S058',7,'Steven Naismith','S003','F',178,72,'1986-09-14','N002',1,0),
 ('S059',22,'Steven Pienaar','S008','M',170,66,'1982-03-17','E001',1,0),
 ('S060',27,'Steven Taylor','E003','D',188,81,'1986-01-23','N001',1,0),
 ('S061',2,'Steven Whittaker','S003','D',185,87,'1984-06-16','N002',1,0),
 ('S062',43,'Sullay Kaikai','E003','F',182,73,'1995-08-26','C002',1,0),
 ('S063',25,'Sylvain Distin','F002','D',193,85,'1977-12-16','B001',1,0),
 ('S064',31,'Sylvain Marveaux','F002','M',172,66,'1986-04-15','N001',1,0),
 ('T001',51,'Tafari Moore','E003','D',173,66,'1997-07-05','A001',1,0),
 ('T002',14,'Theo Walcott','E003','F',175,68,'1989-03-16','A001',1,0),
 ('T003',13,'Thibaut Courtois','B001','G',199,88,'1992-05-11','C001',1,0),
 ('T004',68,'Thierry Ambrose','F002','F',178,70,'1997-03-28','M001',1,0),
 ('T005',26,'Tiago Ilori','P002','D',190,80,'1993-02-26','L002',1,0),
 ('T006',24,'Tim Howard','U001','G',191,95,'1979-03-06','E001',1,0),
 ('T007',1,'Tim Krul','N001','G',188,74,'1988-04-03','N001',1,0),
 ('T008',17,'Timm Klose','S012','D',193,87,'1988-05-09','N002',1,0),
 ('T009',4,'Toby Alderweireld','B001','D',185,75,'1989-03-02','T001',1,0),
 ('T010',9,'Tokelo Rantie','S008','F',172,68,'1990-09-08','B001',1,0),
 ('T011',62,'Tolaji Bola','E003','D',180,68,'1999-01-04','A001',1,0),
 ('T012',31,'Tom Beadling','A003','D',185,80,'1996-01-16','S003',1,0),
 ('T013',28,'Tom Carroll','E003','M',177,71,'1992-05-28','T001',1,0),
 ('T014',15,'Tom Cleverley','E003','M',175,67,'1989-08-12','E001',1,0),
 ('T015',40,'Tom Glover','A003','G',176,81,'1997-12-24','T001',1,0),
 ('T016',49,'Tom Holland','R001','M',176,83,'1997-04-22','S004',1,0),
 ('T017',16,'Tom Lawrence','W001','F',175,75,'1994-01-13','L001',0,0),
 ('T018',34,'Tom Robson','E003','D',178,75,'1995-09-11','S003',1,0),
 ('T019',7,'Tom Rosick','C010','M',178,67,'1980-10-04','A001',1,0),
 ('T020',31,'Tommie Hoban','R001','D',188,84,'1994-01-24','W001',1,0),
 ('T021',5,'Tommy Elphick','E003','D',188,84,'1987-09-07','B001',1,0),
 ('T022',20,'Tony Andreu','F002','M',178,72,'1988-05-22','N002',1,0),
 ('T023',2,'Tony Hibbert','E003','D',173,72,'1981-02-20','E001',1,0),
 ('T024',53,'Tosin Adarabioyo','E003','D',178,82,'1997-09-24','M001',1,0),
 ('T025',9,'Troy Deeney','E003','F',180,76,'1988-06-29','W001',1,0),
 ('T026',27,'Tyias Browning','E003','D',181,76,'1994-05-27','E001',1,0),
 ('T027',42,'Tyler Blackett','E003','D',186,76,'1994-04-02','M002',0,0),
 ('T028',44,'Tyler Roberts','W001','F',180,75,'1998-01-12','W002',1,0),
 ('T029',55,'Tyrell Robinson','E003','M',172,71,'1997-09-16','A001',1,0),
 ('T030',14,'Tyrone Mings','E003','D',191,80,'1993-03-13','B001',1,0),
 ('V001',32,'Vadis Odjidja-Ofoe','B001','M',185,79,'1989-02-21','N002',1,0),
 ('V002',8,'Valon Behrami','S012','M',185,78,'1985-04-19','W001',1,0),
 ('V003',10,'Victor Anichebe','N003','F',185,80,'1988-04-23','W002',1,0),
 ('V004',19,'Vctor Ibarbo','C004','F',188,78,'1990-05-19','W001',1,0),
 ('V005',20,'Victor Moses','N003','F',177,75,'1990-12-12','W003',1,0),
 ('V006',12,'Victor Wanyama','K001','M',188,76,'1991-06-25','S001',1,0),
 ('V007',4,'Vincent Kompany','B001','D',191,91,'1986-04-10','M001',1,0),
 ('V008',17,'Virgil van Dijk','N001','D',193,92,'1991-07-08','S001',1,0),
 ('V009',25,'Vito Mannone','I002','G',194,73,'1988-03-02','S003',1,0),
 ('V010',66,'Vlad Dragomir','R002','M',173,67,'1999-04-24','A001',1,0),
 ('V011',8,'Vurnon Anita','N001','M',166,63,'1989-04-04','N001',1,0),
 ('W001',22,'Wahbi Khazri','T002','M',182,78,'1991-02-08','S003',1,0),
 ('W002',13,'Wayne Hennessey','W001','G',183,73,'1987-01-24','C002',1,0),
 ('W003',10,'Wayne Rooney','E003','F',178,78,'1985-10-24','M002',1,0),
 ('W004',15,'Wayne Routledge','E003','M',170,64,'1985-01-07','S004',1,0),
 ('W005',58,'Wellington Silva','B004','F',170,64,'1993-01-06','A001',0,0),
 ('W006',5,'Wes Brown','E003','D',185,75,'1979-10-13','S003',1,0),
 ('W007',5,'Wes Morgan','J001','D',185,94,'1984-01-21','L001',1,0),
 ('W008',14,'Wesley Hoolahan','R001','M',168,71,'1982-05-20','N002',1,0),
 ('W009',13,'Wilfredo Caballero','A002','G',185,83,'1981-09-28','M001',1,0),
 ('W010',14,'Wilfried Bony','I003','F',182,80,'1988-12-10','M001',1,0),
 ('W011',11,'Wilfried Zaha','E003','F',180,66,'1992-11-10','C002',1,0),
 ('W012',43,'Will Britt','E003','G',188,75,'1995-03-22','S001',1,0),
 ('W013',30,'Will Buckley','E003','M',183,83,'1988-08-12','S003',0,0),
 ('W014',48,'Will Keane','E003','F',178,78,'1993-01-11','M002',1,0),
 ('W015',30,'Will Wood','E003','D',174,67,'1996-11-29','S001',1,0),
 ('W016',22,'Willian','B004','M',174,70,'1988-08-09','C001',1,0),
 ('W017',2,'Winston Reid','N002','D',190,87,'1988-07-03','W003',1,0),
 ('X001',22,'Xherdan Shaqiri','S012','M',168,61,'1991-10-10','S002',1,0),
 ('Y001',18,'Yann Kermorgant','F002','F',184,84,'1981-11-08','B001',0,0),
 ('Y002',21,'Yann M\'Vila','F002','M',182,80,'1990-06-29','S003',1,0),
 ('Y003',10,'Yannick Bolasie','D002','M',188,84,'1989-05-24','C002',1,0),
 ('Y004',68,'Yassin Fortune','F002','F',178,76,'1999-01-30','A001',1,0),
 ('Y005',22,'Yaya Sanogo','F002','F',191,74,'1993-01-27','A001',0,0),
 ('Y006',42,'Yaya Toure','I003','M',191,90,'1983-05-13','M001',1,0),
 ('Y007',11,'Yoan Gouffran','F002','F',175,70,'1986-05-25','N001',1,0),
 ('Y008',29,'Yohan Benalouane','T002','D',187,85,'1987-03-28','L001',0,0),
 ('Y009',7,'Yohan Cabaye','F002','M',175,72,'1986-01-14','C002',1,0),
 ('Y010',15,'Younes Kaboul','F002','D',190,87,'1986-01-04','S003',1,0),
 ('Y011',21,'Youssuf Mulumbu','D002','M',177,65,'1987-01-25','N002',1,0);
/*!40000 ALTER TABLE `player` ENABLE KEYS */;


--
-- Definition of table `referee`
--

DROP TABLE IF EXISTS `referee`;
CREATE TABLE `referee` (
  `referee_id` varchar(4) NOT NULL,
  `referee_name` varchar(255) NOT NULL,
  `nationality_id` varchar(4) NOT NULL,
  `delete` tinyint(1) NOT NULL
) ENGINE=InnoDB DEFAULT CHARSET=utf8;

--
-- Dumping data for table `referee`
--

/*!40000 ALTER TABLE `referee` DISABLE KEYS */;
INSERT INTO `referee` (`referee_id`,`referee_name`,`nationality_id`,`delete`) VALUES 
 ('A001','Andre Marriner','E003',0),
 ('A002','Anthony Taylor','E003',0),
 ('C001','Craig Pawson','E003',0),
 ('G001','Graham Scott','E003',0),
 ('J001','Jon Moss','E003',0),
 ('K001','Kevin Friend','E003',0),
 ('K002','Keith Stroud','E003',0),
 ('L001','Lee Mason','E003',0),
 ('M001','Martin Atkinson','E003',0),
 ('M002','Mark Clattenburg','E003',0),
 ('M003','Mike Dean','E003',0),
 ('M004','Mike Jones','E003',0),
 ('M005','Michael Oliver','E003',0),
 ('N001','Neil Swarbrick','E003',0),
 ('P001','Paul Tierney','E003',0),
 ('R001','Roger East','E003',0),
 ('R002','Robert Madley','E003',0),
 ('S001','Stuart Attwell','E003',0),
 ('S002','Simon Hooper','E003',0);
/*!40000 ALTER TABLE `referee` ENABLE KEYS */;


--
-- Definition of table `team`
--

DROP TABLE IF EXISTS `team`;
CREATE TABLE `team` (
  `team_id` varchar(4) NOT NULL,
  `team_name` varchar(255) NOT NULL,
  `home_stadium` varchar(255) NOT NULL,
  `capacity` int(11) NOT NULL,
  `city` varchar(255) NOT NULL,
  `manager_id` varchar(4) NOT NULL,
  `assmanager_id` varchar(4) default NULL,
  `captain_id` varchar(4) NOT NULL,
  `delete` tinyint(1) NOT NULL,
  PRIMARY KEY  (`team_id`)
) ENGINE=InnoDB DEFAULT CHARSET=utf8;

--
-- Dumping data for table `team`
--

/*!40000 ALTER TABLE `team` DISABLE KEYS */;
INSERT INTO `team` (`team_id`,`team_name`,`home_stadium`,`capacity`,`city`,`manager_id`,`assmanager_id`,`captain_id`,`delete`) VALUES 
 ('A001','Arsenal','Emirates Stadium',60432,'London','A007','S004','M071',0),
 ('A002','Aston Villa','Villa Park',42788,'Birmingham','R004','R003','M062',0),
 ('B001','Bournemouth','Dean Court',11700,'Bournemouth','E001','J001','T021',0),
 ('C001','Chelsea','Stamford Bridge',41798,'London','G004','S006','J079',0),
 ('C002','Crystal Palace','Selhurst Park',26309,'London','A002','K001','M073',0),
 ('E001','Everton','Goodison Park',40221,'Liverpool','R007','G003','P020',0),
 ('L001','Leicester City','King Power Stadium',32262,'Leicester','C002','S009','W007',0),
 ('L002','Liverpool','Anfield',45522,'Liverpool','J005','Z001','J094',0),
 ('M001','Manchester City','City of Manchester Stadium',60000,'Manchester','M001','R009','V007',0),
 ('M002','Manchester United','Old trafford',75635,'Manchester','L001','R010','W003',0),
 ('N001','Newcastle United','St James\'Park',52405,'England','S007','I001','F003',0),
 ('N002','Norwich City','Carrow Road',27244,'Norwich','A004',NULL,'R033',0),
 ('S001','Southampton','St Mary\'s Stadium',32505,'Southampton','R008','E002','J114',0),
 ('S002','Stoke City','Britannia Stadium',27902,'Stoke','M003','M002','R045',0),
 ('S003','Sunderland','Stadium of Light',49000,'Sunderland','S001','P001','J076',0),
 ('S004','Swansea City','Liberty Stadium',20520,'Swansea','A001',NULL,'A069',0),
 ('T001','Tottenham Hotspur','White Hart Lane',36284,'London','M006',NULL,'Y010',0),
 ('W001','Watford','Vicarage Road',21577,'Watford','Q001','D004','T025',0),
 ('W002','West Bromwich Albion','The Hawthrons',26850,'West Bromwich','T003','D002','D021',0),
 ('W003','West Ham United','The Boleyn Ground',35016,'London','S002','N003','M026',0);
/*!40000 ALTER TABLE `team` ENABLE KEYS */;




/*!40101 SET SQL_MODE=@OLD_SQL_MODE */;
/*!40014 SET FOREIGN_KEY_CHECKS=@OLD_FOREIGN_KEY_CHECKS */;
/*!40014 SET UNIQUE_CHECKS=@OLD_UNIQUE_CHECKS */;
/*!40101 SET CHARACTER_SET_CLIENT=@OLD_CHARACTER_SET_CLIENT */;
/*!40101 SET CHARACTER_SET_RESULTS=@OLD_CHARACTER_SET_RESULTS */;
/*!40101 SET COLLATION_CONNECTION=@OLD_COLLATION_CONNECTION */;
/*!40101 SET CHARACTER_SET_CLIENT=@OLD_CHARACTER_SET_CLIENT */;
